situacao;chave;ordem;nota_item;nota_cabecalho;emissao;entrada;nr_fornec;pedido;codigo_produto;referencia;qte;vr_custo;ipi_perc;vr_total
DIFERENTES;2545;0;061236;061236;02/09/2022;14/09/2022;279;6210;5724;0;3,00;2562,34;3,00;7936,85
DIFERENTES;2545;0;;061236;02/09/2022;14/09/2022;;6210;5212;RF 260 W;1,00;250,00;0,00;250,00
DIFERENTES;2630;0;449590;449590;13/09/2022;16/09/2022;82;6211;5422;REU2802FEC;1,00;3588,35;6,00;3821,59
DIFERENTES;2630;0;0227187;449590;13/09/2022;16/09/2022;241;6211;5821;A250114;1,00;138,18;10,00;152,00
DIFERENTES;2630;1;449590;449590;13/09/2022;16/09/2022;82;6211;5838;REUE211FEH;5,00;1734,09;6,00;9234,03
DIFERENTES;2630;1;0227187;449590;13/09/2022;16/09/2022;241;6211;5653;ENR1601038;1,00;465,49;0,00;465,49
DIFERENTES;2630;2;449590;449590;13/09/2022;16/09/2022;82;6211;5496;REU 2802 FEC;2,00;3588,35;6,00;7643,19
DIFERENTES;2630;2;0227187;449590;13/09/2022;16/09/2022;241;6211;5829;EQ 1107;1,00;320,67;5,00;336,70
DIFERENTES;2630;3;449590;449590;13/09/2022;16/09/2022;82;6211;6021;E 271;2,00;2533,46;6,00;5396,27
DIFERENTES;2630;3;0227187;449590;13/09/2022;16/09/2022;241;6211;5830;RG156002;2,00;81,02;5,00;170,14
DIFERENTES;2766;0;144815;144815;13/09/2022;21/09/2022;242;6217;5592;22098;5,00;127,48;0,00;637,40
DIFERENTES;2766;0;93266;144815;13/09/2022;21/09/2022;282;6217;5835;alta press;1,00;1890,50;0,00;1890,50
DIFERENTES;1070;0;40081;169161;27/01/2025;31/01/2025;225;6782;5728;MB63E;1,00;610,89;5,00;641,43
DIFERENTES;1070;0;169161;169161;27/01/2025;31/01/2025;43;6782;3684;1639;20,00;9,01;3,00;186,06
DIFERENTES;1088;0;;118522;01/02/2024;06/02/2024;;6527;5156;KO 22 D;6,00;1029,00;0,00;6174,00
DIFERENTES;1088;0;118522;118522;01/02/2024;06/02/2024;262;6527;5184;0;30,00;26,14;3,00;809,69
DIFERENTES;1088;1;;118522;01/02/2024;06/02/2024;;6527;5158;KO 22 D;12,00;1029,00;0,00;12348,00
DIFERENTES;1088;1;118522;118522;01/02/2024;06/02/2024;262;6527;5186;0;30,00;36,42;3,00;1128,11
DIFERENTES;1088;2;192551;118522;01/02/2024;06/02/2024;67;6527;5553;KO 15 D;6,00;759,00;0,00;4554,00
DIFERENTES;1088;2;118522;118522;01/02/2024;06/02/2024;262;6527;5217;0;20,00;40,54;3,00;837,15
DIFERENTES;1088;3;192551;118522;01/02/2024;06/02/2024;67;6527;3143;TP 820 T;2,00;390,00;0,00;780,00
DIFERENTES;1088;3;118522;118522;01/02/2024;06/02/2024;262;6527;6311;0;20,00;47,27;3,00;976,13
DIFERENTES;1294;0;;212690;02/02/2024;15/02/2024;77;6547;2203;607;30,00;1,75;0,00;52,50
DIFERENTES;1294;0;212690;212690;02/02/2024;15/02/2024;67;6547;5952;KO 26 Di;2,00;2321,06;6,00;4943,86
DIFERENTES;1685;0;082657;293554;26/02/2026;05/03/2026;242;7026;5408;21907;2,00;227,04;0,00;454,08
DIFERENTES;1685;0;293554;293554;26/02/2026;05/03/2026;67;7026;6510;0;1,00;3163,23;0,00;3163,23
DIFERENTES;1686;0;;293549;26/02/2026;05/03/2026;;7027;4826;KO 43 DI;2,00;2879,56;0,00;5759,12
DIFERENTES;1686;0;293549;293549;26/02/2026;05/03/2026;67;7027;6361;0;12,00;30,69;0,00;368,28
DIFERENTES;1818;0;;184650;28/02/2023;07/03/2023;77;6325;2299;0;3,00;5,28;0,00;15,84
DIFERENTES;1818;0;334352;184650;28/02/2023;07/03/2023;238;6325;4286;94803/110;2,00;646,60;0,00;1293,20
DIFERENTES;1818;0;;184650;28/02/2023;07/03/2023;;6325;5157;KO 30 D;1,00;2162,60;0,00;2162,60
DIFERENTES;1818;0;184650;184650;28/02/2023;07/03/2023;67;6325;6217;KO 45 Di;1,00;4633,80;6,00;4935,00
DIFERENTES;1818;1;;184650;28/02/2023;07/03/2023;77;6325;2337;A/Gás;2,00;97,85;0,00;195,70
DIFERENTES;1818;1;184650;184650;28/02/2023;07/03/2023;67;6325;5554;KO 15 D;1,00;826,26;0,00;826,26
DIFERENTES;1957;0;;180284;10/03/2023;10/03/2023;212;22;3577;G 1.6;3,00;218,50;0,00;655,50
DIFERENTES;1957;0;;180284;10/03/2023;10/03/2023;77;22;5198;cla I;2,00;473,00;0,00;946,00
DIFERENTES;2442;0;026852;088424;18/03/2024;25/03/2024;67;6562;5581;KO 15 Di;3,00;779,75;0,00;2339,25
DIFERENTES;2442;0;088424;088424;18/03/2024;25/03/2024;296;6562;6256;20012;20,00;7,59;3,00;156,73
DIFERENTES;2442;1;026852;088424;18/03/2024;25/03/2024;67;6562;5550;KO 20 D;10,00;959,85;0,00;9598,50
DIFERENTES;2442;1;088424;088424;18/03/2024;25/03/2024;296;6562;6323;1543;30,00;22,55;3,00;698,49
DIFERENTES;2442;2;026852;088424;18/03/2024;25/03/2024;67;6562;5552;KO 20 Di;3,00;979,29;0,00;2937,87
DIFERENTES;2442;2;088424;088424;18/03/2024;25/03/2024;296;6562;6324;1463;20,00;23,10;3,00;477,02
DIFERENTES;2442;3;026852;088424;18/03/2024;25/03/2024;67;6562;5588;KO 20 Di;2,00;979,34;0,00;1958,68
DIFERENTES;2442;3;088424;088424;18/03/2024;25/03/2024;296;6562;6359;10421;3,00;47,30;3,00;146,51
DIFERENTES;3104;0;036114;062554;19/04/2023;26/04/2023;279;6362;5724;0;2,00;1525,66;5,00;3203,89
DIFERENTES;3104;0;062554;062554;19/04/2023;26/04/2023;283;6362;5795;26R00057;10,00;153,71;3,00;1587,06
DIFERENTES;3104;1;036114;062554;19/04/2023;26/04/2023;279;6362;5725;0;1,00;1714,81;5,00;1800,55
DIFERENTES;3104;1;062554;062554;19/04/2023;26/04/2023;283;6362;5852;26/R141;5,00;82,73;3,00;427,09
DIFERENTES;3610;0;;145529;11/10/2022;20/10/2022;73;6228;1656;10436;6,00;5,05;0,00;30,30
DIFERENTES;3610;0;145529;145529;11/10/2022;20/10/2022;242;6228;6290;12247;2,00;59,75;0,00;119,50
DIFERENTES;3610;1;;145529;11/10/2022;20/10/2022;97;6228;3323;003202;9,00;6,65;0,00;59,85
DIFERENTES;3610;1;145529;145529;11/10/2022;20/10/2022;242;6228;6291;12245;1,00;258,44;0,00;258,44
DIFERENTES;3610;2;;145529;11/10/2022;20/10/2022;212;6228;4911;0;3,00;294,00;0,00;882,00
DIFERENTES;3610;2;145529;145529;11/10/2022;20/10/2022;242;6228;6292;12242;2,00;311,70;0,00;623,40
DIFERENTES;3610;3;;145529;11/10/2022;20/10/2022;109;6228;5173;0;6,00;9,69;0,00;58,14
DIFERENTES;3610;3;145529;145529;11/10/2022;20/10/2022;242;6228;6293;21574;2,00;4,97;0,00;9,94
DIFERENTES;4853;0;;148186;28/11/2022;28/11/2022;30;18;3177;7092;200,00;1,28;5,00;268,80
DIFERENTES;4853;0;;148186;28/11/2022;28/11/2022;77;18;2251;733;5,00;43,48;0,00;217,40
DIFERENTES;4853;1;;148186;28/11/2022;28/11/2022;30;18;3293;7011;100,00;4,55;5,00;477,75
DIFERENTES;4853;1;;148186;28/11/2022;28/11/2022;77;18;36;607;10,00;9,88;0,00;98,80
DIFERENTES;4860;0;;457153;22/11/2022;29/11/2022;220;6271;5024;8708107013;1,00;21,90;15,00;25,19
DIFERENTES;4860;0;;457153;22/11/2022;29/11/2022;65;6271;455;AQ - 01;20,00;11,55;0,00;231,00
DIFERENTES;4860;0;457153;457153;22/11/2022;29/11/2022;82;6271;6047;REUE331;2,00;2978,20;6,00;6343,57
DIFERENTES;4860;1;;457153;22/11/2022;29/11/2022;220;6271;5027;8716427825;1,00;2,53;5,00;2,66
DIFERENTES;4860;1;;457153;22/11/2022;29/11/2022;65;6271;404;AQ - 01;10,00;20,41;0,00;204,10
DIFERENTES;4860;1;457153;457153;22/11/2022;29/11/2022;82;6271;5496;REU 2802 FEC;1,00;3345,77;6,00;3563,25
DIFERENTES;4860;2;;457153;22/11/2022;29/11/2022;220;6271;5026;8716427975;1,00;0,67;18,00;0,79
DIFERENTES;4860;2;;457153;22/11/2022;29/11/2022;65;6271;458;AQ - 01;10,00;36,99;0,00;369,90
DIFERENTES;4860;2;457153;457153;22/11/2022;29/11/2022;82;6271;4858;REU 200 BR;3,00;1273,95;6,00;4070,27
DIFERENTES;4860;3;;457153;22/11/2022;29/11/2022;220;6271;3540;8700503068;1,00;22,72;18,00;26,81
DIFERENTES;4860;3;457153;457153;22/11/2022;29/11/2022;82;6271;5824;REU-E211FEHB;2,00;1616,87;6,00;3443,93
DIFERENTES;4860;4;;457153;22/11/2022;29/11/2022;220;6271;4334;8700503083;1,00;20,18;18,00;23,81
DIFERENTES;4860;4;457153;457153;22/11/2022;29/11/2022;82;6271;6003;E 15;2,00;1180,15;6,00;2513,72
DIFERENTES;4860;5;;457153;22/11/2022;29/11/2022;220;6271;5095;8704404035;1,00;16,93;5,00;17,78
DIFERENTES;4860;5;457153;457153;22/11/2022;29/11/2022;82;6271;5765;REU M150CFHB;2,00;959,70;6,00;2044,16
DIFERENTES;4860;6;;457153;22/11/2022;29/11/2022;220;6271;3614;8707200007;1,00;27,37;5,00;28,74
DIFERENTES;4860;6;457153;457153;22/11/2022;29/11/2022;82;6271;6021;E 271;2,00;2419,13;6,00;5152,75
DIFERENTES;4860;7;;457153;22/11/2022;29/11/2022;220;6271;3075;8707207011;2,00;121,58;5,00;255,32
DIFERENTES;4860;7;457153;457153;22/11/2022;29/11/2022;82;6271;5422;REU2802FEC;1,00;3345,77;6,00;3563,25
DIFERENTES;4860;8;;457153;22/11/2022;29/11/2022;220;6271;3598;8700505062;4,00;10,95;5,00;45,99
DIFERENTES;4860;8;457153;457153;22/11/2022;29/11/2022;82;6271;5993;E 331;3,00;2978,20;6,00;9515,35
DIFERENTES;4860;9;;457153;22/11/2022;29/11/2022;220;6271;5096;8707207084;2,00;188,17;15,00;432,79
DIFERENTES;4860;9;457153;457153;22/11/2022;29/11/2022;82;6271;6288;REUM110CFH;1,00;732,64;6,00;780,26
DIFERENTES;5846;0;;026675;17/07/2023;20/07/2023;229;6427;3994;0;3,00;1232,06;15,00;4250,61
DIFERENTES;5846;0;026675;026675;17/07/2023;20/07/2023;65;6427;5243;0;8,00;29,83;0,00;238,64
DIFERENTES;5855;0;;309854;10/07/2026;21/07/2026;;7117;4979;REU 1601;2,00;909,09;10,00;2000,00
DIFERENTES;5855;0;309854;309854;10/07/2026;21/07/2026;67;7117;6521;1930791;1,00;103,37;0,00;103,37
DIFERENTES;6018;0;;569412;08/07/2025;10/07/2025;73;6884;1656;10436;60,00;2,50;0,00;150,00
DIFERENTES;6018;0;569412;569412;08/07/2025;10/07/2025;241;6884;6208;PCV02098;1,00;311,30;3,00;319,39
DIFERENTES;7082;0;;140275;24/08/2026;28/08/2026;;7133;5107;93720/103;1,00;487,50;0,00;487,50
DIFERENTES;7082;0;140275;140275;24/08/2026;28/08/2026;262;7133;5184;0;20,00;31,45;3,00;649,44
DIFERENTES;7083;0;;007991;26/08/2026;28/08/2026;;7123;4039;KO 2200 SE;14,00;1020,57;0,00;14287,98
DIFERENTES;7083;0;007991;007991;26/08/2026;28/08/2026;301;7123;6451;PCI 001;100,00;108,12;0,00;10812,00
DIFERENTES;7086;0;;617763;26/08/2026;28/08/2026;243;7145;4405;Beta VL3;1,00;648,87;15,00;746,20
DIFERENTES;7086;0;617763;617763;26/08/2026;28/08/2026;82;7145;6003;E 15FEH;7,00;1301,30;6,00;9701,19
DIFERENTES;7086;1;;617763;26/08/2026;28/08/2026;243;7145;4436;0;2,00;564,09;15,00;1297,41
DIFERENTES;7086;1;617763;617763;26/08/2026;28/08/2026;82;7145;6046;E331FEH;1,00;3462,61;6,00;3687,68
DIFERENTES;9308;0;;085244;01/11/2023;09/11/2023;;6488;4038;KO 2200 SE;12,00;1020,26;0,00;12243,12
DIFERENTES;9308;0;085244;085244;01/11/2023;09/11/2023;296;6488;6323;1543;30,00;22,70;3,00;703,13
DIFERENTES;10002;0;;282191;06/11/2025;11/11/2025;229;6961;5077;K5122lT;1,00;1188,23;15,00;1366,46
DIFERENTES;10002;0;282191;282191;06/11/2025;11/11/2025;67;6961;6008;KO 38 Di;1,00;3639,24;6,00;3875,79
DIFERENTES;10690;0;;588189;28/11/2025;04/12/2025;212;6981;3582;3M³;2,00;67,50;0,00;135,00
DIFERENTES;10690;0;588189;588189;28/11/2025;04/12/2025;82;6981;6440;REU E351;5,00;3667,35;6,00;19528,64
DIFERENTES;11139;0;173572;173572;09/12/2025;18/12/2025;242;6998;4960;20520;2,00;5,73;0,00;11,46
DIFERENTES;11139;0;173572;173572;09/12/2025;18/12/2025;242;6998;5115;21903;5,00;517,35;3,00;2670,82
DIFERENTES;11139;1;173572;173572;09/12/2025;18/12/2025;242;6998;4925;21508;5,00;12,11;0,00;60,55
DIFERENTES;11139;1;173572;173572;09/12/2025;18/12/2025;242;6998;6366;22661;2,00;404,55;3,00;835,40
DIFERENTES;11493;0;;589071;05/12/2025;30/12/2025;207;6988;3874;0;10,00;24,93;0,00;249,30
DIFERENTES;11493;0;589071;589071;05/12/2025;30/12/2025;241;6988;6494;A 25016;1,00;416,67;3,00;430,21
DIFERENTES;11493;1;;589071;05/12/2025;30/12/2025;207;6988;4331;76517/1;10,00;4,95;0,00;49,50
DIFERENTES;11493;1;589071;589071;05/12/2025;30/12/2025;241;6988;4343;CU195-550;1,00;519,71;3,00;536,60
DIFERENTES;13337;0;16920;371462;14/01/2021;18/01/2021;229;5810;3918;K5 1061;1,00;1417,29;15,00;1629,88
DIFERENTES;13337;0;16920;371462;14/01/2021;18/01/2021;229;5810;3918;K5 1061;1,00;1417,29;15,00;1629,88
DIFERENTES;13337;0;371462;371462;14/01/2021;18/01/2021;82;5810;6047;REUE331;1,00;2521,14;10,00;2773,25
DIFERENTES;19454;0;;133607;24/06/2021;05/07/2021;;5918;4964;REU 1601;5,00;909,09;10,00;5000,00
DIFERENTES;19454;0;133607;133607;24/06/2021;05/07/2021;242;5918;6119;22408;6,00;135,24;0,00;811,44
DIFERENTES;22907;0;;135487;16/09/2021;27/09/2021;238;5978;4288;94.804/110;2,00;627,60;0,00;1255,20
DIFERENTES;22907;0;135487;135487;16/09/2021;27/09/2021;242;5978;5832;22170;1,00;240,19;0,00;240,19
DIFERENTES;99;0;11609;156691;29/12/2023;03/01/2024;229;6526;4014;K5 1191;1,00;1988,49;15,00;2286,76
DIFERENTES;99;0;156691;156691;29/12/2023;03/01/2024;242;6526;5195;21470;1,00;130,80;3,00;135,05
DIFERENTES;186;0;;288018;30/12/2025;08/01/2026;77;6999;36;607;30,00;2,97;0,00;89,10
DIFERENTES;186;0;288018;288018;30/12/2025;08/01/2026;67;6999;6089;KO 33 D;1,00;3268,98;6,00;3481,46
DIFERENTES;186;1;;288018;30/12/2025;08/01/2026;77;6999;39;600-2;10,00;1,30;0,00;13,00
DIFERENTES;186;1;288018;288018;30/12/2025;08/01/2026;67;6999;5553;KO 16 D;3,00;1332,54;6,00;4257,47
DIFERENTES;186;2;;288018;30/12/2025;08/01/2026;77;6999;672;600-2;10,00;1,85;0,00;18,50
DIFERENTES;186;2;288018;288018;30/12/2025;08/01/2026;67;6999;6428;KO EX 26;1,00;2536,38;6,00;2701,24
DIFERENTES;186;3;;288018;30/12/2025;08/01/2026;77;6999;1405;707-3;10,00;5,25;0,00;52,50
DIFERENTES;186;3;288018;288018;30/12/2025;08/01/2026;67;6999;3608;TP 40;2,00;397,98;3,00;821,83
DIFERENTES;629;0;8443;629638;17/01/2025;17/01/2025;11;13;2155;cobre;1,00;1370,77;0,00;1370,77
DIFERENTES;629;0;;629638;17/01/2025;17/01/2025;65;13;2405;2285.0636;12,00;20,49;0,00;245,88
DIFERENTES;631;0;8521;167222;13/07/2022;20/07/2022;11;6161;587;vitrificado;1,00;1446,57;0,00;1446,57
DIFERENTES;631;0;167222;167222;13/07/2022;20/07/2022;67;6161;5554;KO 15 D;5,00;1548,00;0,00;7740,00
DIFERENTES;947;0;67129;458114;26/07/2022;26/07/2022;241;13;5039;M 8 E3-5;3,00;138,79;0,00;416,37
DIFERENTES;947;0;67129;458114;26/07/2022;26/07/2022;241;13;5903;BRU315050;1,00;907,90;0,00;907,90
DIFERENTES;947;0;;458114;26/07/2022;26/07/2022;115;13;3691;0;4,00;65,00;0,00;260,00
DIFERENTES;956;0;;0593506;29/01/2026;03/02/2026;65;7012;389;AQ - 13;10,00;3,65;0,00;36,50
DIFERENTES;956;0;0593506;0593506;29/01/2026;03/02/2026;82;7012;6440;REU E351;1,00;3760,21;6,00;4004,62
DIFERENTES;956;1;;0593506;29/01/2026;03/02/2026;65;7012;390;AQ - 10;5,00;1,45;0,00;7,25
DIFERENTES;956;1;0593506;0593506;29/01/2026;03/02/2026;82;7012;4858;200CFHB;2,00;1586,92;6,00;3380,14
DIFERENTES;956;2;;0593506;29/01/2026;03/02/2026;65;7012;391;AQ - 07;10,00;0,67;0,00;6,70
DIFERENTES;956;2;0593506;0593506;29/01/2026;03/02/2026;82;7012;6046;E331FEH;1,00;3363,98;6,00;3582,64
DIFERENTES;1260;0;014114;213103;09/02/2024;15/02/2024;262;6544;5184;0;200,00;6,48;0,00;1296,00
DIFERENTES;1260;0;213103;213103;09/02/2024;15/02/2024;67;6544;5551;KO 21 D;5,00;1564,29;6,00;8329,84
DIFERENTES;2153;0;574830;24543;15/03/2023;20/03/2023;115;6331;4644;1975 C;5,00;184,59;10,00;1015,25
DIFERENTES;2153;0;24543;24543;15/03/2023;20/03/2023;65;6331;5243;0;8,00;29,72;0,00;237,76
DIFERENTES;3854;0;12863;605487;19/05/2026;21/05/2026;239;7076;4790;arx03POB80;1,00;632,24;15,00;727,08
DIFERENTES;3854;0;605487;605487;19/05/2026;21/05/2026;82;7076;6514;REU E 430;1,00;7566,71;6,00;8058,55
DIFERENTES;3854;1;12863;605487;19/05/2026;21/05/2026;239;7076;4307;0;1,00;453,04;15,00;521,00
DIFERENTES;3854;1;605487;605487;19/05/2026;21/05/2026;82;7076;6094;E 15FEH;2,00;1412,84;6,00;3009,35
DIFERENTES;3862;0;985;220084;05/05/2024;14/05/2024;230;6610;3949;0;1,00;1548,00;0,00;1548,00
DIFERENTES;3862;0;220084;220084;05/05/2024;14/05/2024;67;6610;6080;KO 33Prime;2,00;3069,01;6,00;6536,99
DIFERENTES;3864;0;986;220146;07/05/2024;14/05/2024;230;6617;3941;0;1,00;1308,00;0,00;1308,00
DIFERENTES;3864;0;220146;220146;07/05/2024;14/05/2024;67;6617;5987;KO 38 D;2,00;3519,91;6,00;7497,41
DIFERENTES;4431;0;27844;2326897;23/05/2025;27/05/2025;43;6847;3677;0;30,00;4,16;5,00;131,04
DIFERENTES;4431;0;2326897;2326897;23/05/2025;27/05/2025;238;6847;4286;95800003;2,00;2051,85;0,00;4103,70
DIFERENTES;4496;0;;608049;09/06/2026;11/06/2026;18;7089;1558;DN 25;4,00;34,00;0,00;136,00
DIFERENTES;4496;0;161783;608049;09/06/2026;11/06/2026;43;7089;4707;2182;30,00;10,93;3,00;338,56
DIFERENTES;4496;0;608049;608049;09/06/2026;11/06/2026;241;7089;6516;A66041;1,00;427,95;3,00;441,86
DIFERENTES;4793;0;;215038;22/06/2026;22/06/2026;;11;4964;REU 1601;2,00;909,09;10,00;2000,00
DIFERENTES;4793;0;;215038;22/06/2026;22/06/2026;0;11;3577;G 1.6;2,00;380,00;0,00;760,00
DIFERENTES;4793;1;;215038;22/06/2026;22/06/2026;;11;4979;REU 1601;6,00;909,09;10,00;5999,99
DIFERENTES;4793;1;;215038;22/06/2026;22/06/2026;0;11;4830;003.986;2,00;25,00;0,00;50,00
DIFERENTES;4879;0;;205908;05/06/2025;06/06/2025;97;28;2291;002456;10,00;8,86;0,00;88,60
DIFERENTES;4879;0;;205908;05/06/2025;06/06/2025;77;28;36;607;7,00;12,00;0,00;84,00
DIFERENTES;5154;0;9629;307577;24/06/2026;02/07/2026;219;7097;4275;0;5,00;15,00;5,00;78,75
DIFERENTES;5154;0;04520;307577;24/06/2026;02/07/2026;263;7097;5699;7013 B;20,00;6,95;0,00;139,00
DIFERENTES;5154;0;307577;307577;24/06/2026;02/07/2026;67;7097;6079;KO26Prime;1,00;2370,06;6,00;2524,11
DIFERENTES;5154;1;9629;307577;24/06/2026;02/07/2026;219;7097;4310;0;5,00;7,00;5,00;36,75
DIFERENTES;5154;1;04520;307577;24/06/2026;02/07/2026;263;7097;5670;0;10,00;15,81;0,00;158,10
DIFERENTES;5154;1;307577;307577;24/06/2026;02/07/2026;67;7097;5987;KO 38 D;2,00;3326,40;6,00;7085,23
DIFERENTES;5154;2;9629;307577;24/06/2026;02/07/2026;219;7097;3581;220V/1500W;2,00;51,00;10,00;112,20
DIFERENTES;5154;2;04520;307577;24/06/2026;02/07/2026;263;7097;5668;0;20,00;13,31;0,00;266,20
DIFERENTES;5154;2;307577;307577;24/06/2026;02/07/2026;67;7097;6008;KO 38 Di;2,00;3409,56;6,00;7262,36
DIFERENTES;5154;3;9629;307577;24/06/2026;02/07/2026;219;7097;4265;0;2,00;11,00;15,00;25,30
DIFERENTES;5154;3;04520;307577;24/06/2026;02/07/2026;263;7097;5671;0;10,00;17,54;0,00;175,40
DIFERENTES;5154;3;307577;307577;24/06/2026;02/07/2026;67;7097;5551;KO 21 D;5,00;1580,04;6,00;8413,71
DIFERENTES;5154;4;9629;307577;24/06/2026;02/07/2026;219;7097;4636;0;5,00;13,00;15,00;74,75
DIFERENTES;5154;4;04520;307577;24/06/2026;02/07/2026;263;7097;5680;7205;10,00;67,46;0,00;674,60
DIFERENTES;5154;4;307577;307577;24/06/2026;02/07/2026;67;7097;6270;KO 46 D;1,00;4490,64;6,00;4782,53
DIFERENTES;5154;5;9629;307577;24/06/2026;02/07/2026;219;7097;3495;0;5,00;38,00;15,00;218,50
DIFERENTES;5154;5;04520;307577;24/06/2026;02/07/2026;263;7097;5678;7201;20,00;63,39;0,00;1267,80
DIFERENTES;5154;5;307577;307577;24/06/2026;02/07/2026;67;7097;6060;0;2,00;593,01;3,00;1224,57
DIFERENTES;5483;0;25778;0459330;08/12/2022;17/12/2022;242;6282;4958;21901;4,00;14,20;0,00;56,80
DIFERENTES;5483;0;0459330;0459330;08/12/2022;17/12/2022;241;6282;4832;A 24017;2,00;457,92;3,00;945,60
DIFERENTES;5483;1;25778;0459330;08/12/2022;17/12/2022;242;6282;5115;21903;2,00;138,08;0,00;276,16
DIFERENTES;5483;1;0459330;0459330;08/12/2022;17/12/2022;241;6282;6208;PCV02098;2,00;293,67;3,00;602,61
DIFERENTES;5485;0;72162;040591;24/06/2025;26/06/2025;241;6865;4700;C-36E-12-S;1,00;209,91;4,00;218,31
DIFERENTES;5485;0;;040591;24/06/2025;26/06/2025;77;6865;2754;603;2,00;18,00;0,00;36,00
DIFERENTES;5485;0;040591;040591;24/06/2025;26/06/2025;65;6865;5243;0;8,00;34,09;0,00;272,72
DIFERENTES;5485;1;72162;040591;24/06/2025;26/06/2025;241;6865;5223;RG 157-037;2,00;3,65;5,00;7,67
DIFERENTES;5485;1;;040591;24/06/2025;26/06/2025;77;6865;4638;707.3;2,00;20,00;0,00;40,00
DIFERENTES;5485;1;040591;040591;24/06/2025;26/06/2025;65;6865;2405;2285.0636;80,00;15,66;0,00;1252,80
DIFERENTES;5689;0;;606169;25/05/2026;16/07/2026;97;7114;3012;06.109.764;2,00;3,50;0,00;7,00
DIFERENTES;5689;0;606169;606169;25/05/2026;16/07/2026;82;7114;6190;E420FEAB;1,00;7206,39;6,00;7674,81
DIFERENTES;5905;0;363686;8708;14/07/2023;21/07/2023;238;6419;4784;94518/000;2,00;174,16;0,00;348,32
DIFERENTES;5905;0;8708;8708;14/07/2023;21/07/2023;263;6419;5699;7013 B;20,00;14,71;0,00;294,20
DIFERENTES;5905;1;363686;8708;14/07/2023;21/07/2023;238;6419;5147;94518/005;1,00;165,78;0,00;165,78
DIFERENTES;5905;1;8708;8708;14/07/2023;21/07/2023;263;6419;5668;7003;50,00;31,39;3,00;1620,51
DIFERENTES;5905;2;363686;8708;14/07/2023;21/07/2023;238;6419;4767;94830/220;1,00;1599,94;0,00;1599,94
DIFERENTES;5905;2;8708;8708;14/07/2023;21/07/2023;263;6419;5720;7005;20,00;41,62;3,00;859,45
DIFERENTES;6043;0;31618;063301;20/07/2023;26/07/2023;243;6431;4405;Beta VL3;1,00;677,13;15,00;778,70
DIFERENTES;6043;0;022933;063301;20/07/2023;26/07/2023;229;6431;5080;QT 90 CFVG;1,00;1264,83;4,00;1315,42
DIFERENTES;6043;0;063301;063301;20/07/2023;26/07/2023;267;6431;5516;0;3,00;24,09;0,00;72,27
DIFERENTES;6043;1;31618;063301;20/07/2023;26/07/2023;243;6431;4851;Beta;1,00;586,70;15,00;674,71
DIFERENTES;6043;1;063301;063301;20/07/2023;26/07/2023;267;6431;5517;0;3,00;47,22;0,00;141,66
DIFERENTES;6167;0;630760;266924;09/07/2025;15/07/2025;115;6885;2935;1990;2,00;286,50;10,00;630,30
DIFERENTES;6167;0;266924;266924;09/07/2025;15/07/2025;67;6885;6079;KO26Prime;2,00;2574,07;6,00;5482,77
DIFERENTES;6167;1;630760;266924;09/07/2025;15/07/2025;115;6885;3620;1973;6,00;64,71;10,00;427,09
DIFERENTES;6167;1;266924;266924;09/07/2025;15/07/2025;67;6885;6080;KO 33Prime;2,00;3382,24;6,00;7204,17
DIFERENTES;7543;0;;187645;11/09/2023;11/09/2023;;33;4826;KO 43 DI;3,00;1921,56;0,00;5764,68
DIFERENTES;7543;0;7910;187645;11/09/2023;11/09/2023;67;33;5551;KO 20 D;2,00;1039,83;0,00;2079,66
DIFERENTES;7543;0;;187645;11/09/2023;11/09/2023;77;33;2624;617;4,00;5,00;0,00;20,00
DIFERENTES;7543;1;;187645;11/09/2023;11/09/2023;;33;5156;KO 22 D;1,00;950,11;0,00;950,11
DIFERENTES;7543;1;;187645;11/09/2023;11/09/2023;;33;5134;KO 31 DI;2,00;2256,26;0,00;4512,52
DIFERENTES;7543;1;;187645;11/09/2023;11/09/2023;77;33;2488;617;4,00;6,00;0,00;24,00
DIFERENTES;7546;0;661589;232355;27/08/2024;03/09/2024;115;6691;5189;0;6,00;140,37;10,00;926,44
DIFERENTES;7546;0;232355;232355;27/08/2024;03/09/2024;67;6691;5551;KO 21 D;6,00;1564,29;6,00;9995,81
DIFERENTES;8566;0;384269;022908;30/09/2024;04/10/2024;238;6676;4288;94.804/110;2,00;633,26;0,00;1266,52
DIFERENTES;8566;0;022908;022908;30/09/2024;04/10/2024;18;6676;4264;1990-Ela;8,00;179,49;6,00;1529,25
DIFERENTES;9066;0;;204294;23/10/2023;31/10/2023;;6469;5212;RF 260 W;2,00;250,00;0,00;500,00
DIFERENTES;9066;0;373637;204294;23/10/2023;31/10/2023;238;6469;4286;94803/110;1,00;874,11;15,00;1005,23
DIFERENTES;9066;0;204294;204294;23/10/2023;31/10/2023;67;6469;5318;KO 12 M;2,00;900,47;6,00;1918,00
DIFERENTES;9067;0;;204209;20/10/2023;31/10/2023;;6482;4964;REU 1601;6,00;886,36;10,00;5849,98
DIFERENTES;9067;0;204209;204209;20/10/2023;31/10/2023;67;6482;6270;KO 45 D;1,00;4541,21;6,00;4836,39
DIFERENTES;9068;0;77578;204303;23/10/2023;31/10/2023;82;6482;4858;REU 181 Br;1,00;404,55;10,00;445,01
DIFERENTES;9068;0;204303;204303;23/10/2023;31/10/2023;67;6482;6270;KO 45 D;1,00;4541,21;6,00;4836,39
DIFERENTES;9733;0;698777;542032;08/11/2024;12/11/2024;115;6736;4644;1975 C;3,00;183,70;10,00;606,21
DIFERENTES;9733;0;542032;542032;08/11/2024;12/11/2024;82;6736;6418;REU E 351;2,00;3511,31;6,00;7479,09
DIFERENTES;9866;0;1158;500154;24/11/2023;28/11/2023;230;6501;3941;0;1,00;1308,00;0,00;1308,00
DIFERENTES;9866;0;500154;500154;24/11/2023;28/11/2023;82;6501;5824;E211FEH;1,00;1850,19;6,00;1970,45
DIFERENTES;10017;0;;585327;07/11/2025;11/11/2025;65;6967;4888;0;20,00;3,99;0,00;79,80
DIFERENTES;10017;0;585327;585327;07/11/2025;11/11/2025;82;6967;6021;E271FEH;1,00;2757,75;6,00;2937,00
DIFERENTES;1870;1;021168;214420;28/02/2024;06/03/2024;229;6558;4272;B59GGAX;1,00;2220,17;10,00;2442,19
DIFERENTES;1870;1;214420;214420;28/02/2024;06/03/2024;67;6558;5550;KO 21 D;2,00;1564,29;6,00;3331,94
DIFERENTES;15840;0;;3237633;28/03/2021;05/04/2021;;5849;5209;KO 20 FI;2,00;690,10;0,00;1380,20
DIFERENTES;15840;0;3237633;3237633;28/03/2021;05/04/2021;115;5849;6118;1965.C.STD;6,00;182,71;10,00;1205,89
DIFERENTES;11132;0;719923;590366;15/12/2025;18/12/2025;115;6992;2935;1990;4,00;285,12;10,00;1254,53
DIFERENTES;11132;0;590366;590366;15/12/2025;18/12/2025;82;6992;6003;E 15FEH;2,00;1289,67;6,00;2747,00
DIFERENTES;3870;0;022141;100684;05/05/2025;09/05/2025;239;6833;5067;FS7XW-C;1,00;592,23;4,00;615,92
DIFERENTES;3870;0;100684;100684;05/05/2025;09/05/2025;296;6833;6363;1462;30,00;21,50;6,00;686,93
DIFERENTES;15840;1;;3237633;28/03/2021;05/04/2021;;5849;4824;KO 20 F;6,00;690,10;0,00;4140,60
DIFERENTES;15840;1;3237633;3237633;28/03/2021;05/04/2021;115;5849;6117;1955.C.STD;6,00;127,45;10,00;841,17
DIFERENTES;15857;0;128374;128374;29/03/2021;05/04/2021;43;5858;5288;0;10,00;3,69;0,00;36,90
DIFERENTES;15857;0;47741;128374;29/03/2021;05/04/2021;242;5858;4566;20369;4,00;243,78;0,00;975,12
DIFERENTES;15857;0;128374;128374;29/03/2021;05/04/2021;43;5858;5938;0;3,00;193,71;0,00;581,13
DIFERENTES;15857;1;128374;128374;29/03/2021;05/04/2021;43;5858;5287;0;10,00;3,46;0,00;34,60
DIFERENTES;15857;1;47741;128374;29/03/2021;05/04/2021;242;5858;4434;20285;2,00;58,04;0,00;116,08
DIFERENTES;15857;1;128374;128374;29/03/2021;05/04/2021;43;5858;5272;0;70,00;36,29;5,00;2667,32
DIFERENTES;15857;2;128374;128374;29/03/2021;05/04/2021;43;5858;5283;0;6,00;38,57;0,00;231,42
DIFERENTES;15857;2;47741;128374;29/03/2021;05/04/2021;242;5858;4417;20063;2,00;82,92;0,00;165,84
DIFERENTES;15910;0;87728;131415;17/03/2021;07/04/2021;82;5861;3890;REU 16 FEH;2,00;863,63;10,00;1899,99
DIFERENTES;15910;0;131415;131415;17/03/2021;07/04/2021;242;5861;4387;20284;2,00;266,62;0,00;533,24
DIFERENTES;15910;1;;131415;17/03/2021;07/04/2021;;5861;4979;REU 1601;6,00;863,63;10,00;5699,96
DIFERENTES;15910;1;131415;131415;17/03/2021;07/04/2021;242;5861;6144;22261;1,00;107,36;0,00;107,36
DIFERENTES;15910;2;;131415;17/03/2021;07/04/2021;;5861;5269;REU 2401;2,00;1618,18;10,00;3560,00
DIFERENTES;15910;2;131415;131415;17/03/2021;07/04/2021;242;5861;5406;30164;3,00;61,28;0,00;183,84
DIFERENTES;16939;0;;219365;30/04/2021;06/05/2021;212;5848;3577;G 1.6;3,00;160,00;0,00;480,00
DIFERENTES;16939;0;219365;219365;30/04/2021;06/05/2021;97;5848;6115;021.572;20,00;30,93;0,00;618,60
DIFERENTES;16939;1;;219365;30/04/2021;06/05/2021;207;5848;3874;0;10,00;22,80;0,00;228,00
DIFERENTES;16939;1;219365;219365;30/04/2021;06/05/2021;97;5848;5878;003065;125,00;17,39;5,00;2282,44
DIFERENTES;19455;0;30581;139582;30/06/2021;05/07/2021;212;5919;4911;0;20,00;153,40;5,00;3221,40
DIFERENTES;19455;0;139582;139582;30/06/2021;05/07/2021;67;5919;5550;KO 20 D;8,00;1429,00;0,00;11432,00
DIFERENTES;921;0;36621;066088;20/01/2025;28/01/2025;242;6783;4545;20533;4,00;130,77;0,00;523,08
DIFERENTES;921;0;066088;066088;20/01/2025;28/01/2025;279;6783;5724;0;3,00;2997,58;3,00;9285,00
DIFERENTES;921;1;36621;066088;20/01/2025;28/01/2025;242;6783;4426;20451;4,00;21,97;0,00;87,88
DIFERENTES;921;1;066088;066088;20/01/2025;28/01/2025;279;6783;5725;0;1,00;3371,43;3,00;3481,00
DIFERENTES;1310;0;;291974;10/02/2026;19/02/2026;77;7022;353;X;20,00;0,70;0,00;14,00
DIFERENTES;1310;0;291974;291974;10/02/2026;19/02/2026;67;7022;5990;KO 38 D;1,00;3609,45;6,00;3844,06
DIFERENTES;1310;1;;291974;10/02/2026;19/02/2026;77;7022;639;cobre;5,00;27,50;0,00;137,50
DIFERENTES;1310;1;291974;291974;10/02/2026;19/02/2026;67;7022;5550;KO 21 D;3,00;1754,94;6,00;5607,03
DIFERENTES;1310;2;;291974;10/02/2026;19/02/2026;77;7022;672;600-2;10,00;2,16;0,00;21,60
DIFERENTES;1310;2;291974;291974;10/02/2026;19/02/2026;67;7022;5144;TP 80;4,00;592,56;3,00;2441,35
DIFERENTES;1870;0;021168;214420;28/02/2024;06/03/2024;229;6558;3994;0;1,00;1294,89;15,00;1489,12
DIFERENTES;1870;0;214420;214420;28/02/2024;06/03/2024;67;6558;5987;KO 38 D;1,00;3410,36;6,00;3632,03
DIFERENTES;3313;0;021878;300219;28/04/2026;05/05/2026;239;7065;5354;ARX06P0801;2,00;654,64;15,00;1505,67
DIFERENTES;3313;0;300219;300219;28/04/2026;05/05/2026;67;7065;6211;KO 46 Di;1,00;4752,99;6,00;5061,93
DIFERENTES;3567;0;;062590;26/04/2023;11/05/2023;77;6370;353;X;20,00;1,40;0,00;28,00
DIFERENTES;3567;0;062590;062590;26/04/2023;11/05/2023;279;6370;5724;0;1,00;2718,17;3,00;2806,51
DIFERENTES;3567;1;;062590;26/04/2023;11/05/2023;77;6370;36;607;20,00;3,60;0,00;72,00
DIFERENTES;3567;1;062590;062590;26/04/2023;11/05/2023;279;6370;5725;0;3,00;3055,12;3,00;9463,23
DIFERENTES;3570;0;;064674;25/04/2024;03/05/2024;65;6613;389;AQ - 13;10,00;4,18;0,00;41,80
DIFERENTES;3570;0;064674;064674;25/04/2024;03/05/2024;283;6613;6018;83R00061;10,00;42,84;3,00;442,32
DIFERENTES;4512;0;043531;563601;27/05/2025;29/05/2025;243;6851;4405;Beta VL3;3,00;615,92;15,00;2124,92
DIFERENTES;4512;0;232230;563601;27/05/2025;29/05/2025;82;6851;5422;REU2802FEC;1,00;2449,15;10,00;2694,07
DIFERENTES;4512;0;232230;563601;27/05/2025;29/05/2025;82;6851;6440;REU E351;1,00;3899,46;6,00;4152,92
DIFERENTES;4889;0;;672965;24/06/2026;24/06/2026;77;12;5388;0;3,00;8,00;0,00;24,00
DIFERENTES;4889;0;;672965;24/06/2026;24/06/2026;0;12;480;AQ - 06;10,00;6,59;0,00;65,90
DIFERENTES;4889;1;;672965;24/06/2026;24/06/2026;77;12;5389;0;3,00;6,00;0,00;18,00
DIFERENTES;4889;1;;672965;24/06/2026;24/06/2026;0;12;483;AQ - 08;6,00;18,31;0,00;109,86
DIFERENTES;4889;2;;672965;24/06/2026;24/06/2026;77;12;5390;0;3,00;10,00;0,00;30,00
DIFERENTES;4889;2;;672965;24/06/2026;24/06/2026;0;12;2405;2285.0636;6,00;15,72;0,00;94,32
DIFERENTES;4889;3;;672965;24/06/2026;24/06/2026;77;12;5391;0;2,00;11,00;0,00;22,00
DIFERENTES;4889;3;;672965;24/06/2026;24/06/2026;0;12;2408;2285.0679;6,00;21,00;0,00;126,00
DIFERENTES;5613;0;016032;684456;06/07/2026;15/07/2026;11;7101;4575;0;1,00;3684,36;0,00;3684,36
DIFERENTES;5613;0;684456;684456;06/07/2026;15/07/2026;16;7101;6367;0;20,00;33,88;0,00;677,60
DIFERENTES;5997;0;23214;613593;22/07/2026;24/07/2026;229;7118;4881;P30QTBRX;1,00;763,88;12,00;855,55
DIFERENTES;5997;0;613593;613593;22/07/2026;24/07/2026;82;7118;6483;RSH1500;6,00;153,52;0,00;921,12
DIFERENTES;6015;0;022616;311456;22/07/2026;27/07/2026;229;7116;5057;QT75CFVG;1,00;1156,53;4,00;1202,79
DIFERENTES;6015;0;311456;311456;22/07/2026;27/07/2026;67;7116;5952;KO 26 Di;1,00;2411,54;6,00;2568,29
DIFERENTES;6042;0;022933;173662;30/06/2025;11/07/2025;229;6873;5080;QT 90 CFVG;1,00;1264,83;4,00;1315,42
DIFERENTES;6042;0;;173662;30/06/2025;11/07/2025;;6873;5160;KO 43 D;2,00;3689,03;0,00;7378,06
DIFERENTES;6042;0;196304;173662;30/06/2025;11/07/2025;67;6873;5553;KO 15 D;3,00;1237,15;6,00;3952,69
DIFERENTES;6042;0;173662;173662;30/06/2025;11/07/2025;43;6873;4707;2182;20,00;11,16;3,00;230,45
DIFERENTES;7225;0;;174735;08/08/2025;14/08/2025;77;6909;639;cobre;10,00;28,50;0,00;285,00
DIFERENTES;7225;0;174735;174735;08/08/2025;14/08/2025;43;6909;5300;0;5,00;125,15;0,00;625,75
DIFERENTES;7225;1;;174735;08/08/2025;14/08/2025;77;6909;1405;707-3;20,00;9,67;0,00;193,40
DIFERENTES;7225;1;174735;174735;08/08/2025;14/08/2025;43;6909;1432;1128;5,00;233,78;0,00;1168,90
DIFERENTES;7225;2;;174735;08/08/2025;14/08/2025;77;6909;1872;712-RC;3,00;6,40;0,00;19,20
DIFERENTES;7225;2;174735;174735;08/08/2025;14/08/2025;43;6909;3681;1048;5,00;44,69;0,00;223,45
DIFERENTES;7225;3;;174735;08/08/2025;14/08/2025;77;6909;2251;733;5,00;14,40;0,00;72,00
DIFERENTES;7225;3;174735;174735;08/08/2025;14/08/2025;43;6909;3531;1050;5,00;56,76;0,00;283,80
DIFERENTES;7225;4;;174735;08/08/2025;14/08/2025;77;6909;2299;0;6,00;4,90;0,00;29,40
DIFERENTES;7225;4;174735;174735;08/08/2025;14/08/2025;43;6909;3212;346;5,00;86,88;0,00;434,40
DIFERENTES;7225;5;;174735;08/08/2025;14/08/2025;77;6909;2631;604;10,00;7,85;0,00;78,50
DIFERENTES;7225;5;174735;174735;08/08/2025;14/08/2025;43;6909;2692;1051;3,00;110,35;0,00;331,05
DIFERENTES;7225;6;;174735;08/08/2025;14/08/2025;77;6909;2664;607;20,00;7,44;0,00;148,80
DIFERENTES;7225;6;174735;174735;08/08/2025;14/08/2025;43;6909;6155;0;3,00;164,27;0,00;492,81
DIFERENTES;7225;7;;174735;08/08/2025;14/08/2025;77;6909;2665;604;15,00;5,30;0,00;79,50
DIFERENTES;7225;7;174735;174735;08/08/2025;14/08/2025;43;6909;5278;1053;5,00;77,09;3,00;397,98
DIFERENTES;7225;8;;174735;08/08/2025;14/08/2025;207;6909;3874;0;8,00;33,00;0,00;264,00
DIFERENTES;7225;8;174735;174735;08/08/2025;14/08/2025;43;6909;5282;1054;3,00;115,92;3,00;359,06
DIFERENTES;7225;9;;174735;08/08/2025;14/08/2025;77;6909;3883;0;15,00;6,50;0,00;97,50
DIFERENTES;7225;9;174735;174735;08/08/2025;14/08/2025;43;6909;6055;0;5,00;13,64;3,00;70,42
DIFERENTES;8899;0;;580754;02/10/2025;06/10/2025;212;6941;3577;G 1.6;2,00;199,80;0,00;399,60
DIFERENTES;8899;0;580754;580754;02/10/2025;06/10/2025;82;6941;5824;E211FEH;2,00;1958,56;6,00;4171,73
DIFERENTES;8899;1;;580754;02/10/2025;06/10/2025;207;6941;3874;0;10,00;28,00;0,00;280,00
DIFERENTES;8899;1;580754;580754;02/10/2025;06/10/2025;82;6941;6047;E331FEH;1,00;3488,58;6,00;3715,34
DIFERENTES;8899;2;;580754;02/10/2025;06/10/2025;207;6941;4331;76517/1;10,00;6,40;0,00;64,00
DIFERENTES;8899;2;580754;580754;02/10/2025;06/10/2025;82;6941;6418;REU E 351;1,00;3899,46;6,00;4152,92
DIFERENTES;8899;3;;580754;02/10/2025;06/10/2025;207;6941;4843;0;10,00;28,50;0,00;285,00
DIFERENTES;8899;3;580754;580754;02/10/2025;06/10/2025;82;6941;6440;REU E351;3,00;3899,46;6,00;12458,77
DIFERENTES;9470;0;24918;498605;10/11/2023;14/11/2023;239;6498;4814;ARX 021090;1,00;1135,35;15,00;1305,65
DIFERENTES;9470;0;498605;498605;10/11/2023;14/11/2023;82;6498;6085;ROU0030;2,00;182,62;3,00;377,11
DIFERENTES;9759;0;079651;164724;08/11/2024;12/11/2024;97;6737;2992;002383;3,00;80,11;0,00;240,33
DIFERENTES;9759;0;164724;164724;08/11/2024;12/11/2024;242;6737;6422;30127;1,00;167,77;3,00;173,22
DIFERENTES;9759;1;079651;164724;08/11/2024;12/11/2024;97;6737;1856;002503;60,00;1,70;5,00;107,10
DIFERENTES;9759;1;164724;164724;08/11/2024;12/11/2024;242;6737;5115;21903;5,00;397,96;3,00;2054,47
DIFERENTES;9824;0;;029195;23/11/2023;27/11/2023;;6499;5160;KO 43 D;6,00;2400,36;0,00;14402,16
DIFERENTES;9824;0;029195;029195;23/11/2023;27/11/2023;65;6499;5243;0;8,00;30,00;0,00;240,00
DIFERENTES;9824;1;;029195;23/11/2023;27/11/2023;;6499;5169;KO 15 F;5,00;570,87;0,00;2854,35
DIFERENTES;9824;1;029195;029195;23/11/2023;27/11/2023;65;6499;396;AQ - 02;20,00;2,46;0,00;49,20
DIFERENTES;9824;2;;029195;23/11/2023;27/11/2023;;6499;5133;KO 31 DI;3,00;1766,07;0,00;5298,21
DIFERENTES;9824;2;029195;029195;23/11/2023;27/11/2023;65;6499;2405;2285.0636;50,00;13,41;0,00;670,50
DIFERENTES;9824;3;;029195;23/11/2023;27/11/2023;;6499;4827;KO 43 DI;5,00;2400,36;0,00;12001,80
DIFERENTES;9824;3;029195;029195;23/11/2023;27/11/2023;65;6499;5454;0;10,00;6,35;0,00;63,50
DIFERENTES;10121;0;025324;207620;29/11/2023;07/12/2023;239;6500;4848;0;1,00;807,08;15,00;928,14
DIFERENTES;10121;0;207620;207620;29/11/2023;07/12/2023;67;6500;3142;TP 825;2,00;817,39;3,00;1687,91
DIFERENTES;11262;0;;178740;15/12/2025;22/12/2025;115;6990;2961;1510;10,00;13,82;0,00;138,20
DIFERENTES;11262;0;245598;178740;15/12/2025;22/12/2025;67;6990;5987;KO 38 D;1,00;3412,36;6,00;3634,16
DIFERENTES;11262;0;178740;178740;15/12/2025;22/12/2025;43;6990;4707;2182;20,00;11,69;3,00;241,40
DIFERENTES;11262;1;;178740;15/12/2025;22/12/2025;115;6990;2962;1510;10,00;16,83;0,00;168,30
DIFERENTES;11262;1;245598;178740;15/12/2025;22/12/2025;67;6990;5554;KO 16 D;2,00;1251,23;6,00;2665,12
DIFERENTES;11262;1;178740;178740;15/12/2025;22/12/2025;43;6990;3684;1639;20,00;9,43;3,00;194,73
DIFERENTES;12786;0;043818;370121;05/01/2021;07/01/2021;257;5797;5004;0;20,00;22,29;5,00;468,09
DIFERENTES;12786;0;;370121;05/01/2021;07/01/2021;65;5797;396;AQ - 02;10,00;0,98;0,00;9,80
DIFERENTES;12786;0;370121;370121;05/01/2021;07/01/2021;82;5797;5993;E 331;1,00;2599,93;10,00;2859,92
DIFERENTES;12786;1;043818;370121;05/01/2021;07/01/2021;257;5797;5258;0;20,00;67,67;5,00;1421,07
DIFERENTES;12786;1;;370121;05/01/2021;07/01/2021;65;5797;391;AQ - 07;15,00;1,28;0,00;19,20
DIFERENTES;12786;2;043818;370121;05/01/2021;07/01/2021;257;5797;5259;0;20,00;69,44;5,00;1458,24
DIFERENTES;12786;2;;370121;05/01/2021;07/01/2021;65;5797;2405;2285.0636;10,00;11,11;0,00;111,10
DIFERENTES;12786;3;043818;370121;05/01/2021;07/01/2021;257;5797;4876;0;10,00;33,45;5,00;351,23
DIFERENTES;12786;3;;370121;05/01/2021;07/01/2021;65;5797;3837;0;10,00;11,86;0,00;118,60
DIFERENTES;16643;0;;383848;23/04/2021;28/04/2021;212;5867;3577;G 1.6;3,00;160,00;0,00;480,00
DIFERENTES;16643;0;383848;383848;23/04/2021;28/04/2021;82;5867;5824;REU-E211FEHB;2,00;1341,15;10,00;2950,53
DIFERENTES;16810;0;0125659;41951;26/04/2021;03/05/2021;82;5870;5331;REU 1301FE;2,00;867,82;10,00;1909,20
DIFERENTES;16810;0;41951;41951;26/04/2021;03/05/2021;221;5870;2603;057 RT 1;5,00;76,98;10,00;423,39
DIFERENTES;16810;1;;41951;26/04/2021;03/05/2021;;5870;4964;REU 1601;5,00;1070,69;10,00;5888,80
DIFERENTES;16810;1;41951;41951;26/04/2021;03/05/2021;221;5870;2479;02012;5,00;66,50;15,00;382,38
DIFERENTES;16810;2;;41951;26/04/2021;03/05/2021;;5870;4979;REU 1601;2,00;1070,69;10,00;2355,52
DIFERENTES;16810;2;41951;41951;26/04/2021;03/05/2021;221;5870;5805;002028;5,00;79,35;10,00;436,43
DIFERENTES;16810;3;0125659;41951;26/04/2021;03/05/2021;82;5870;4858;REU 182 Br;1,00;538,36;10,00;592,20
DIFERENTES;16810;3;41951;41951;26/04/2021;03/05/2021;221;5870;5207;094.00;2,00;85,05;15,00;195,62
DIFERENTES;18948;0;;392221;21/06/2021;24/06/2021;65;5908;391;AQ - 07;50,00;1,20;0,00;60,00
DIFERENTES;18948;0;392221;392221;21/06/2021;24/06/2021;82;5908;6023;E 271;1,00;2268,22;10,00;2495,04
DIFERENTES;19291;0;129604;393479;28/06/2021;30/06/2021;82;5926;5422;REU2801FEC;2,00;2520,00;10,00;5544,00
DIFERENTES;19291;0;393479;393479;28/06/2021;30/06/2021;241;5926;5124;RG 181019;5,00;102,42;5,00;537,71
DIFERENTES;19707;0;52394;394860;06/07/2021;09/07/2021;242;5925;5435;30189;2,00;5,53;0,00;11,06
DIFERENTES;19707;0;394860;394860;06/07/2021;09/07/2021;82;5925;5422;REU2802FEC;1,00;3137,06;10,00;3450,77
DIFERENTES;21120;0;55209;399643;05/08/2021;10/08/2021;243;5950;5251;gama glass;1,00;1394,92;15,00;1604,16
DIFERENTES;21120;0;;399643;05/08/2021;10/08/2021;;5950;6150;REU M090;3,00;537,62;10,00;1774,15
DIFERENTES;21201;0;;399980;09/08/2021;12/08/2021;65;5950;389;AQ - 13;10,00;6,10;0,00;61,00
DIFERENTES;21201;0;399980;399980;09/08/2021;12/08/2021;82;5950;5993;E 331;1,00;2779,31;10,00;3057,24
DIFERENTES;21638;0;30241;058578;18/08/2021;24/08/2021;229;5964;5057;QT75CFVG;2,00;1248,09;4,00;2596,03
DIFERENTES;21638;0;058578;058578;18/08/2021;24/08/2021;279;5964;5725;0;4,00;2567,95;5,00;10785,39
DIFERENTES;31397;0;060504;060476;18/05/2022;25/05/2022;243;6134;5215;Gamma VL3;2,00;800,86;15,00;1841,98
DIFERENTES;31397;0;060476;060476;18/05/2022;25/05/2022;283;6134;5795;26R00057;12,00;113,62;3,00;1407,75
DIFERENTES;31866;0;106810;140191;31/05/2022;06/06/2022;97;6137;1856;002503;100,00;1,87;5,00;196,35
DIFERENTES;31866;0;140191;140191;31/05/2022;06/06/2022;43;6137;3637;819;20,00;10,41;3,00;214,97
DIFERENTES;31866;1;106810;140191;31/05/2022;06/06/2022;97;6137;2291;002456;50,00;19,91;0,00;995,50
DIFERENTES;31866;1;140191;140191;31/05/2022;06/06/2022;43;6137;4707;2182;20,00;10,16;3,00;209,80
DIFERENTES;31866;2;106810;140191;31/05/2022;06/06/2022;97;6137;4830;003.986;60,00;7,73;5,00;486,99
DIFERENTES;31866;2;140191;140191;31/05/2022;06/06/2022;43;6137;3578;2180;5,00;10,62;3,00;54,83
DIFERENTES;32574;0;78425;1220;21/06/2022;27/06/2022;258;6146;4913;cristalo;2,00;564,34;12,00;1264,12
DIFERENTES;32574;0;1220;1220;21/06/2022;27/06/2022;263;6146;5699;7013 B;50,00;13,07;0,00;653,50
DIFERENTES;32574;1;78425;1220;21/06/2022;27/06/2022;258;6146;4886;1181;2,00;647,91;12,00;1451,32
DIFERENTES;32574;1;1220;1220;21/06/2022;27/06/2022;263;6146;5670;0;30,00;31,20;0,00;936,00
DIFERENTES;32640;0;34726;439597;21/06/2022;28/06/2022;239;6143;4848;0;2,00;875,81;15,00;2014,36
DIFERENTES;32640;0;439597;439597;21/06/2022;28/06/2022;82;6143;6003;E 15;2,00;1367,00;6,00;2911,71
DIFERENTES;496;0;35416;461983;16/01/2023;17/01/2023;239;6298;5431;0;1,00;1257,25;15,00;1445,84
DIFERENTES;496;0;461983;461983;16/01/2023;17/01/2023;241;6298;6305;A17022;1,00;344,21;3,00;355,40
DIFERENTES;902;0;35612;143632;21/07/2022;27/07/2022;239;6170;5354;ARX06P0801;1,00;893,00;15,00;1026,95
DIFERENTES;902;0;056419;143632;21/07/2022;27/07/2022;67;6170;5588;KO 20 Di;2,00;1209,54;0,00;2419,08
DIFERENTES;902;0;143632;143632;21/07/2022;27/07/2022;242;6170;5115;21903;5,00;391,33;0,00;1956,65
DIFERENTES;1398;0;;250286;06/02/2025;12/02/2025;65;6798;504;AQ - 13;8,00;16,60;0,00;132,80
DIFERENTES;1398;0;250286;250286;06/02/2025;12/02/2025;67;6798;5987;KO 38 D;2,00;3592,60;6,00;7652,24
DIFERENTES;1571;0;63547;599169;26/02/2024;26/02/2024;243;1;4604;0;3,00;559,42;15,00;1930,00
DIFERENTES;1571;0;;599169;26/02/2024;26/02/2024;16;1;5781;0;5,00;37,85;0,00;189,25
DIFERENTES;1683;0;039469;293595;26/02/2026;05/03/2026;262;7027;5184;0;100,00;9,42;5,00;989,10
DIFERENTES;1683;0;293595;293595;26/02/2026;05/03/2026;67;7027;6078;KO 26Prime;1,00;2488,86;6,00;2650,64
DIFERENTES;1683;1;039469;293595;26/02/2026;05/03/2026;262;7027;5185;0;30,00;10,16;5,00;320,04
DIFERENTES;1683;1;293595;293595;26/02/2026;05/03/2026;67;7027;5990;KO 38 D;2,00;3609,54;6,00;7688,32
DIFERENTES;1683;2;039469;293595;26/02/2026;05/03/2026;262;7027;5186;0;110,00;16,88;5,00;1949,64
DIFERENTES;1683;2;293595;293595;26/02/2026;05/03/2026;67;7027;5554;KO 16 D;2,00;1332,54;6,00;2838,31
DIFERENTES;1683;3;039469;293595;26/02/2026;05/03/2026;262;7027;5217;0;90,00;18,00;5,00;1701,00
DIFERENTES;1683;3;293595;293595;26/02/2026;05/03/2026;67;7027;5550;KO 21 D;3,00;1657,26;6,00;5294,95
DIFERENTES;1998;0;;148145;08/03/2023;15/03/2023;;6327;5156;KO 22 D;2,00;1245,93;0,00;2491,86
DIFERENTES;1998;0;148145;148145;08/03/2023;15/03/2023;43;6327;3637;819;20,00;10,72;3,00;221,37
DIFERENTES;2135;0;61400;510379;12/03/2024;14/03/2024;257;6573;4874;0;30,00;24,32;5,00;766,08
DIFERENTES;2135;0;510379;510379;12/03/2024;14/03/2024;241;6573;5985;A40118;1,00;280,75;3,00;289,87
DIFERENTES;2136;0;111411;137512;08/03/2024;14/03/2024;97;6542;2291;002456;60,00;19,45;0,00;1167,00
DIFERENTES;2136;0;137512;137512;08/03/2024;14/03/2024;282;6542;6352;304;1,00;3652,15;0,00;3652,15
DIFERENTES;2478;0;061740;111104;24/03/2023;29/03/2023;257;6352;5258;0;10,00;72,98;5,00;766,29
DIFERENTES;2478;0;111104;111104;24/03/2023;29/03/2023;262;6352;6310;0;5,00;37,74;3,00;194,83
DIFERENTES;3119;0;1364424;149;12/04/2024;17/04/2024;115;6600;3620;1973;12,00;95,46;10,00;1260,07
DIFERENTES;3119;0;149;149;12/04/2024;17/04/2024;300;6600;6350;0;50,00;249,00;0,00;12450,00
DIFERENTES;3945;0;;259200;07/05/2025;13/05/2025;;6837;5134;KO 31 DI;1,00;1820,04;0,00;1820,04
DIFERENTES;3945;0;144489;259200;07/05/2025;13/05/2025;43;6837;3637;819;30,00;10,12;3,00;313,47
DIFERENTES;3945;0;259200;259200;07/05/2025;13/05/2025;67;6837;6079;KO26Prime;3,00;2574,07;6,00;8224,15
DIFERENTES;3945;1;;259200;07/05/2025;13/05/2025;;6837;5159;KO 31 D;2,00;1820,04;0,00;3640,08
DIFERENTES;3945;1;144489;259200;07/05/2025;13/05/2025;43;6837;5293;1875;20,00;10,12;3,00;208,98
DIFERENTES;3945;1;259200;259200;07/05/2025;13/05/2025;67;6837;5987;KO 38 D;2,00;3734,60;6,00;7954,70
DIFERENTES;3947;0;36806;168470;06/05/2025;13/05/2025;229;6840;3918;K5 1061;1,00;1533,69;15,00;1763,74
DIFERENTES;3947;0;168470;168470;06/05/2025;13/05/2025;242;6840;5195;21470;6,00;105,65;3,00;654,50
DIFERENTES;3948;0;36857;183061;23/05/2023;23/05/2023;239;25;4848;0;2,00;875,81;15,00;2014,36
DIFERENTES;3948;0;;183061;23/05/2023;23/05/2023;212;25;3577;G 1.6;7,00;250,00;0,00;1750,00
DIFERENTES;3949;0;;8485;18/05/2023;24/05/2023;;6387;5133;KO 31 DI;1,00;1821,20;0,00;1821,20
DIFERENTES;3949;0;8485;8485;18/05/2023;24/05/2023;263;6387;5699;7013 B;20,00;14,71;0,00;294,20
DIFERENTES;3951;0;168908;302648;18/05/2026;25/05/2026;67;7075;3828;TQC 200;2,00;494,25;0,00;988,50
DIFERENTES;3951;0;;302648;18/05/2026;25/05/2026;;7075;5723;0;2,00;1284,22;5,00;2696,86
DIFERENTES;3951;0;168908;302648;18/05/2026;25/05/2026;67;7075;6008;KO 38 Di;2,00;3746,16;6,00;7979,32
DIFERENTES;3951;1;168908;302648;18/05/2026;25/05/2026;67;7075;5554;KO 15 D;2,00;853,72;0,00;1707,44
DIFERENTES;3951;1;041077;302648;18/05/2026;25/05/2026;279;7075;5725;0;1,00;1677,43;5,00;1761,30
DIFERENTES;4702;0;222890;150983;14/06/2023;19/06/2023;238;6401;4289;94.805/110;2,00;740,85;15,00;1703,96
DIFERENTES;4702;0;150983;150983;14/06/2023;19/06/2023;43;6401;3637;819;20,00;11,10;3,00;229,22
DIFERENTES;5499;0;71481;033923;27/06/2024;02/07/2024;242;6652;5631;20325;6,00;94,15;0,00;564,90
DIFERENTES;5499;0;033923;033923;27/06/2024;02/07/2024;65;6652;5243;0;8,00;30,06;0,00;240,48
DIFERENTES;6130;0;;485240;25/07/2023;28/07/2023;;6433;4964;REU 1601;3,00;1335,44;10,00;4406,95
DIFERENTES;6130;0;485240;485240;25/07/2023;28/07/2023;82;6433;4858;REU 200 BR;6,00;1366,32;6,00;8730,78
DIFERENTES;6139;0;37596;346091;27/07/2026;30/07/2026;229;7105;3918;K5 1061;1,00;1658,81;15,00;1907,63
DIFERENTES;6139;0;346091;346091;27/07/2026;30/07/2026;65;7105;2405;2285.0636;30,00;14,41;0,00;432,30
DIFERENTES;6951;0;;198576;15/08/2023;22/08/2023;;6446;5160;KO 43 D;5,00;2747,41;0,00;13737,05
DIFERENTES;6951;0;198576;198576;15/08/2023;22/08/2023;67;6446;5589;KO 16 DI;2,00;1309,15;6,00;2788,49
DIFERENTES;6951;1;;198576;15/08/2023;22/08/2023;;6446;5134;KO 31 DI;6,00;2002,05;0,00;12012,30
DIFERENTES;6951;1;198576;198576;15/08/2023;22/08/2023;67;6446;5550;KO 21 D;1,00;1546,69;6,00;1647,22
DIFERENTES;6951;2;;198576;15/08/2023;22/08/2023;;6446;4826;KO 43 DI;3,00;2747,41;0,00;8242,23
DIFERENTES;6951;2;198576;198576;15/08/2023;22/08/2023;67;6446;5588;KO 21 Di;1,00;1626,57;6,00;1732,30
DIFERENTES;5730;0;48090;185424;17/07/2023;17/07/2023;239;32;5354;ARX06P0801;1,00;951,71;15,00;1094,47
DIFERENTES;5730;0;;185424;17/07/2023;17/07/2023;263;32;5719;7008;8,00;60,00;0,00;480,00
DIFERENTES;5973;0;48309;161712;10/07/2024;16/07/2024;239;6661;4794;0;1,00;961,19;15,00;1105,37
DIFERENTES;5973;0;161712;161712;10/07/2024;16/07/2024;242;6661;5596;22105;1,00;183,18;10,00;201,50
DIFERENTES;8173;0;016114;234609;16/09/2024;23/09/2024;67;6699;3608;TP 40;12,00;149,00;0,00;1788,00
DIFERENTES;8173;0;016114;234609;16/09/2024;23/09/2024;67;6699;6079;KO26Prime;1,00;2261,11;6,00;2408,08
DIFERENTES;8173;1;016114;234609;16/09/2024;23/09/2024;67;6699;5323;TP 40 ther;2,00;265,05;0,00;530,10
DIFERENTES;8173;1;016114;234609;16/09/2024;23/09/2024;67;6699;6008;KO 38 Di;2,00;3523,45;6,00;7504,95
DIFERENTES;8174;0;87168;234609;16/09/2024;23/09/2024;258;6699;5638;blue light;2,00;1206,76;0,00;2413,52
DIFERENTES;8174;0;234609;234609;16/09/2024;23/09/2024;67;6699;6079;KO26Prime;1,00;2261,11;6,00;2408,08
DIFERENTES;8626;0;38422;235848;29/09/2024;08/10/2024;239;6715;5320;ARX0310901;1,00;1267,72;15,00;1457,88
DIFERENTES;8626;0;028187;235848;29/09/2024;08/10/2024;65;6715;6083;0;56,00;10,02;10,00;615,83
DIFERENTES;8626;0;235848;235848;29/09/2024;08/10/2024;67;6715;5987;KO 38 D;2,00;3412,35;6,00;7268,31
DIFERENTES;8627;0;038447;236473;02/10/2024;08/10/2024;239;6710;4794;0;1,00;898,62;15,00;1033,41
DIFERENTES;8627;0;028186;236473;02/10/2024;08/10/2024;65;6710;2405;2285.0636;20,00;13,35;0,00;267,00
DIFERENTES;8627;0;236473;236473;02/10/2024;08/10/2024;67;6710;6080;KO 33Prime;1,00;3069,01;6,00;3268,50
DIFERENTES;9183;0;066259;164157;16/10/2024;25/10/2024;243;6723;5165;S 900 VL 3;2,00;1150,68;15,00;2646,56
DIFERENTES;9183;0;164157;164157;16/10/2024;25/10/2024;242;6723;6419;32424;1,00;64,13;3,00;66,21
DIFERENTES;9840;0;;156368;08/11/2024;14/11/2024;77;6732;36;607;30,00;3,30;0,00;99,00
DIFERENTES;9840;0;156368;156368;08/11/2024;14/11/2024;225;6732;6216;RP42M150;2,00;1322,91;0,00;2645,82
DIFERENTES;9867;0;;155860;27/11/2023;29/11/2023;65;6508;390;AQ - 10;15,00;3,26;0,00;48,90
DIFERENTES;9867;0;155860;155860;27/11/2023;29/11/2023;242;6508;6347;32165;5,00;19,24;3,00;99,33
DIFERENTES;9867;1;;155860;27/11/2023;29/11/2023;65;6508;396;AQ - 02;20,00;1,19;0,00;23,80
DIFERENTES;9867;1;155860;155860;27/11/2023;29/11/2023;242;6508;5115;21903;5,00;379,01;3,00;1956,64
DIFERENTES;10016;0;1440639;172854;06/11/2025;11/11/2025;115;6966;2968;4509;30,00;25,08;0,00;752,40
DIFERENTES;10016;0;172854;172854;06/11/2025;11/11/2025;242;6966;6453;22423;2,00;751,73;0,00;1503,46
DIFERENTES;10485;0;;242896;28/11/2024;04/12/2024;65;6755;391;AQ - 07;20,00;1,53;0,00;30,60
DIFERENTES;10485;0;;242896;28/11/2024;04/12/2024;;6755;4979;REU 1602 FEH;1,00;1375,94;10,00;1513,53
DIFERENTES;10485;0;242896;242896;28/11/2024;04/12/2024;67;6755;6008;KO 38 Di;3,00;3523,45;6,00;11257,42
DIFERENTES;10485;1;;242896;28/11/2024;04/12/2024;65;6755;403;AQ - 06;30,00;2,75;0,00;82,50
DIFERENTES;10485;1;284222;242896;28/11/2024;04/12/2024;82;6755;5422;REU2802FEC;2,00;2541,34;10,00;5590,95
DIFERENTES;15358;0;;132096;12/03/2021;17/03/2021;65;5857;390;AQ - 10;5,00;2,81;0,00;14,05
DIFERENTES;15358;0;132096;132096;12/03/2021;17/03/2021;67;5857;5926;0;3,00;505,09;0,00;1515,27
DIFERENTES;367;0;;288318;06/01/2026;13/01/2026;;7007;5159;KO 31 D;2,00;2527,42;0,00;5054,84
DIFERENTES;367;0;288318;288318;06/01/2026;13/01/2026;67;7007;6387;0;2,00;502,33;6,00;1069,96
DIFERENTES;368;0;;037812;08/01/2025;10/01/2025;;6771;5161;KO 43 D;3,00;3517,38;0,00;10552,14
DIFERENTES;368;0;037812;037812;08/01/2025;10/01/2025;65;6771;5243;0;16,00;33,40;0,00;534,40
DIFERENTES;368;1;;037812;08/01/2025;10/01/2025;;6771;4827;KO 43 DI;4,00;3517,38;0,00;14069,52
DIFERENTES;368;1;037812;037812;08/01/2025;10/01/2025;65;6771;3837;0;10,00;18,08;0,00;180,80
DIFERENTES;370;0;;503791;08/01/2024;10/01/2024;;6528;4827;KO 43 DI;7,00;3517,38;0,00;24621,66
DIFERENTES;370;0;503791;503791;08/01/2024;10/01/2024;241;6528;6257;RG 157025;2,00;109,87;3,00;226,88
DIFERENTES;370;1;;503791;08/01/2024;10/01/2024;;6528;5161;KO 43 D;2,00;3517,38;0,00;7034,76
DIFERENTES;370;1;503791;503791;08/01/2024;10/01/2024;241;6528;6177;RG157S007;2,00;120,85;3,00;249,56
DIFERENTES;4114;0;015336;032879;16/05/2024;21/05/2024;267;6623;5574;332;2,00;7,00;0,00;14,00
DIFERENTES;4114;0;032879;032879;16/05/2024;21/05/2024;65;6623;5243;0;8,00;29,51;0,00;236,08
DIFERENTES;4114;1;015336;032879;16/05/2024;21/05/2024;267;6623;5575;334;2,00;4,50;0,00;9,00
DIFERENTES;4114;1;032879;032879;16/05/2024;21/05/2024;65;6623;396;AQ - 02;40,00;2,41;0,00;96,40
DIFERENTES;4114;2;015336;032879;16/05/2024;21/05/2024;267;6623;5576;335;2,00;4,50;0,00;9,00
DIFERENTES;4114;2;032879;032879;16/05/2024;21/05/2024;65;6623;3831;0;10,00;11,24;0,00;112,40
DIFERENTES;4114;3;015336;032879;16/05/2024;21/05/2024;267;6623;5556;322;2,00;62,00;0,00;124,00
DIFERENTES;4114;3;032879;032879;16/05/2024;21/05/2024;65;6623;3837;0;20,00;15,21;0,00;304,20
DIFERENTES;4114;4;015336;032879;16/05/2024;21/05/2024;267;6623;5518;0;2,00;51,50;0,00;103,00
DIFERENTES;4114;4;032879;032879;16/05/2024;21/05/2024;65;6623;2405;2285.0636;40,00;13,18;0,00;527,20
DIFERENTES;4114;5;015336;032879;16/05/2024;21/05/2024;267;6623;5521;0;2,00;61,00;0,00;122,00
DIFERENTES;4114;5;032879;032879;16/05/2024;21/05/2024;65;6623;5454;0;10,00;6,12;0,00;61,20
DIFERENTES;4114;6;015336;032879;16/05/2024;21/05/2024;267;6623;5523;0;3,00;39,30;0,00;117,90
DIFERENTES;4114;6;032879;032879;16/05/2024;21/05/2024;65;6623;6083;0;28,00;9,81;10,00;301,46
DIFERENTES;4114;7;015336;032879;16/05/2024;21/05/2024;267;6623;5524;0;2,00;64,50;0,00;129,00
DIFERENTES;4114;7;032879;032879;16/05/2024;21/05/2024;65;6623;471;AQ - 05;20,00;3,56;0,00;71,20
DIFERENTES;4114;8;015336;032879;16/05/2024;21/05/2024;267;6623;5525;0;4,00;19,80;0,00;79,20
DIFERENTES;4114;8;032879;032879;16/05/2024;21/05/2024;65;6623;403;AQ - 06;40,00;2,67;0,00;106,80
DIFERENTES;4114;9;015336;032879;16/05/2024;21/05/2024;267;6623;5526;0;4,00;44,40;0,00;177,60
DIFERENTES;4114;9;032879;032879;16/05/2024;21/05/2024;65;6623;1407;AQ - 20;20,00;13,78;0,00;275,60
DIFERENTES;4114;10;015336;032879;16/05/2024;21/05/2024;267;6623;5527;0;10,00;70,50;0,00;705,00
DIFERENTES;4114;10;032879;032879;16/05/2024;21/05/2024;65;6623;391;AQ - 07;40,00;1,40;0,00;56,00
DIFERENTES;4114;11;015336;032879;16/05/2024;21/05/2024;267;6623;5559;378;3,00;21,00;0,00;63,00
DIFERENTES;4114;11;032879;032879;16/05/2024;21/05/2024;65;6623;397;AQ - 07;10,00;3,51;0,00;35,10
DIFERENTES;4114;12;015336;032879;16/05/2024;21/05/2024;267;6623;5560;379;2,00;23,00;0,00;46,00
DIFERENTES;4114;12;032879;032879;16/05/2024;21/05/2024;65;6623;4888;0;20,00;6,63;0,00;132,60
DIFERENTES;4114;13;015336;032879;16/05/2024;21/05/2024;267;6623;5561;380;2,00;27,00;0,00;54,00
DIFERENTES;4114;13;032879;032879;16/05/2024;21/05/2024;65;6623;6163;0;20,00;15,36;0,00;307,20
DIFERENTES;4114;14;;032879;16/05/2024;21/05/2024;;6623;5737;0;2,00;78,00;0,00;156,00
DIFERENTES;4114;14;032879;032879;16/05/2024;21/05/2024;65;6623;4907;0;10,00;6,17;0,00;61,70
DIFERENTES;4209;0;42378;183491;27/05/2026;02/06/2026;225;7080;3979;MB63E0020A;1,00;491,46;5,00;516,03
DIFERENTES;4209;0;183491;183491;27/05/2026;02/06/2026;43;7080;5290;1424;5,00;12,23;3,00;63,14
DIFERENTES;4209;1;42378;183491;27/05/2026;02/06/2026;225;7080;5728;MB63E;1,00;547,78;5,00;575,17
DIFERENTES;4209;1;183491;183491;27/05/2026;02/06/2026;43;7080;3684;1639;10,00;9,87;3,00;101,91
DIFERENTES;4898;0;;169082;30/05/2025;06/06/2025;;6852;4964;REU 1601;4,00;1326,01;10,00;5834,44
DIFERENTES;4898;0;169082;169082;30/05/2025;06/06/2025;242;6852;6458;22264;2,00;204,36;3,00;422,00
DIFERENTES;5154;6;04520;307577;24/06/2026;02/07/2026;263;7097;5681;7206;10,00;72,70;0,00;727,00
DIFERENTES;5154;6;307577;307577;24/06/2026;02/07/2026;67;7097;6384;0;1,00;1557,27;3,00;1607,88
DIFERENTES;5154;7;04520;307577;24/06/2026;02/07/2026;263;7097;5679;7202;10,00;68,13;0,00;681,30
DIFERENTES;5154;7;307577;307577;24/06/2026;02/07/2026;67;7097;3142;TP 825;2,00;903,87;3,00;1866,49
DIFERENTES;5156;0;043113;307601;24/06/2026;02/07/2026;239;7097;5326;ARX05P0901;1,00;963,18;15,00;1107,66
DIFERENTES;5156;0;307601;307601;24/06/2026;02/07/2026;67;7097;6080;KO 33Prime;2,00;3067,02;6,00;6532,75
DIFERENTES;5156;1;043113;307601;24/06/2026;02/07/2026;239;7097;5367;0;1,00;836,49;15,00;961,96
DIFERENTES;5156;1;307601;307601;24/06/2026;02/07/2026;67;7097;5990;KO 38 D;1,00;3326,40;6,00;3542,62
DIFERENTES;5795;0;001105;309873;10/07/2026;20/07/2026;278;7108;5700;0;1,00;1428,59;0,00;1428,59
DIFERENTES;5795;0;309873;309873;10/07/2026;20/07/2026;67;7108;6080;KO 33Prime;3,00;2968,02;6,00;9482,82
DIFERENTES;5797;0;20214;098829;14/07/2026;20/07/2026;221;7109;5058;004.00;3,00;17,08;10,00;56,36
DIFERENTES;5797;0;113906;098829;14/07/2026;20/07/2026;67;7109;3142;TP 825;2,00;608,99;0,00;1217,98
DIFERENTES;5797;0;098829;098829;14/07/2026;20/07/2026;267;7109;5575;334;30,00;16,50;0,00;495,00
DIFERENTES;5797;1;20214;098829;14/07/2026;20/07/2026;221;7109;3611;004.01;2,00;17,91;10,00;39,40
DIFERENTES;5797;1;098829;098829;14/07/2026;20/07/2026;267;7109;6501;197;3,00;50,19;3,00;155,46
DIFERENTES;5797;2;20214;098829;14/07/2026;20/07/2026;221;7109;3106;011.01;2,00;21,83;10,00;48,03
DIFERENTES;5797;2;098829;098829;14/07/2026;20/07/2026;267;7109;5573;195;3,00;41,23;3,00;127,71
DIFERENTES;5797;3;20214;098829;14/07/2026;20/07/2026;221;7109;2477;059.2;9,00;92,21;5,00;871,38
DIFERENTES;5797;3;098829;098829;14/07/2026;20/07/2026;267;7109;5516;1137;3,00;26,48;0,00;79,44
DIFERENTES;7783;0;;163310;09/09/2024;10/09/2024;65;6700;391;AQ - 07;10,00;1,27;0,00;12,70
DIFERENTES;7783;0;163310;163310;09/09/2024;10/09/2024;242;6700;6366;22661;2,00;311,19;3,00;642,61
DIFERENTES;8749;0;;495582;18/10/2023;20/10/2023;65;6479;404;AQ - 01;10,00;29,20;0,00;292,00
DIFERENTES;8749;0;495582;495582;18/10/2023;20/10/2023;82;6479;6046;E331FEH;1,00;3006,23;6,00;3201,64
DIFERENTES;9608;0;090604;460508;21/10/2025;29/10/2025;242;6953;4415;20062;3,00;216,66;0,00;649,98
DIFERENTES;9608;0;460508;460508;21/10/2025;29/10/2025;16;6953;6406;00985706;12,00;135,66;6,00;1733,73
DIFERENTES;9608;1;090604;460508;21/10/2025;29/10/2025;242;6953;4417;20063;2,00;136,77;0,00;273,54
DIFERENTES;9608;1;460508;460508;21/10/2025;29/10/2025;16;6953;6357;0;5,00;48,15;0,00;240,75
DIFERENTES;9656;0;044634;206039;14/11/2023;21/11/2023;239;6493;5726;KS401IT;2,00;961,69;15,00;2211,89
DIFERENTES;9656;0;206039;206039;14/11/2023;21/11/2023;67;6493;6078;KO 26Prime;2,00;2235,66;6,00;4761,96
DIFERENTES;10106;0;095087;156478;30/11/2023;06/12/2023;264;6509;5707;98487077;1,00;4558,19;5,00;4786,10
DIFERENTES;10106;0;156478;156478;30/11/2023;06/12/2023;43;6509;3684;1639;20,00;8,94;3,00;184,61
DIFERENTES;10106;1;095087;156478;30/11/2023;06/12/2023;264;6509;5786;59546515;1,00;560,68;5,00;588,71
DIFERENTES;10106;1;156478;156478;30/11/2023;06/12/2023;43;6509;5264;1413;20,00;9,86;3,00;203,61
DIFERENTES;10106;2;095087;156478;30/11/2023;06/12/2023;264;6509;5787;98559114;2,00;322,90;5,00;678,09
DIFERENTES;10106;2;156478;156478;30/11/2023;06/12/2023;43;6509;3637;819;20,00;11,34;3,00;234,17
DIFERENTES;10272;0;091165;283052;14/11/2025;21/11/2025;242;6939;5447;20306;1,00;262,74;0,00;262,74
DIFERENTES;10272;0;283052;283052;14/11/2025;21/11/2025;67;6939;6474;aço 316;1,00;2799,41;0,00;2799,41
DIFERENTES;10273;0;038700;0544243;27/11/2024;28/11/2024;279;6751;5724;0;3,00;1371,86;5,00;4321,36
DIFERENTES;10273;0;501806;0544243;27/11/2024;28/11/2024;82;6751;5496;2802FEC;3,00;3598,00;6,00;11495,61
DIFERENTES;10273;0;0544243;0544243;27/11/2024;28/11/2024;241;6751;6425;A66067;1,00;77,38;3,00;79,89
DIFERENTES;13290;0;;371252;13/01/2021;15/01/2021;65;5797;391;AQ - 07;10,00;1,24;0,00;12,40
DIFERENTES;13290;0;371252;371252;13/01/2021;15/01/2021;82;5797;4858;REU 200 BR;1,00;1059,91;10,00;1165,90
DIFERENTES;14072;0;;129321;04/02/2021;10/02/2021;18;5827;1558;DN 25;2,00;48,00;0,00;96,00
DIFERENTES;14072;0;129321;129321;04/02/2021;10/02/2021;67;5827;5588;KO 20 Di;5,00;1434,99;0,00;7174,95
DIFERENTES;14072;1;;129321;04/02/2021;10/02/2021;73;5827;1656;10436;3,00;6,00;0,00;18,00
DIFERENTES;14072;1;129321;129321;04/02/2021;10/02/2021;67;5827;6008;KO 35 Di;3,00;3194,99;0,00;9584,97
DIFERENTES;39;0;044748;001;30/12/2025;02/01/2026;67;6952;5323;TP 40 ther;8,00;336,66;0,00;2693,28
DIFERENTES;39;0;001;001;30/12/2025;02/01/2026;242;6952;5225;30143;3,00;9,12;0,00;27,36
DIFERENTES;1493;0;47051;445878;09/08/2022;11/08/2022;239;6186;5373;0;1,00;1005,58;15,00;1156,42
DIFERENTES;1493;0;445878;445878;09/08/2022;11/08/2022;241;6186;6272;A58214;1,00;320,66;3,00;331,08
DIFERENTES;1493;1;47051;445878;09/08/2022;11/08/2022;239;6186;5693;K5402IT;1,00;1156,72;15,00;1330,23
DIFERENTES;1493;1;445878;445878;09/08/2022;11/08/2022;241;6186;6273;PCV02098;1,00;293,67;3,00;301,31
DIFERENTES;1890;0;6476;061124;16/08/2022;25/08/2022;263;6193;5699;7013 B;10,00;6,95;0,00;69,50
DIFERENTES;1890;0;061124;061124;16/08/2022;25/08/2022;279;6193;5724;0;3,00;2562,34;3,00;7936,85
DIFERENTES;1890;1;6476;061124;16/08/2022;25/08/2022;263;6193;5670;0;10,00;15,80;0,00;158,00
DIFERENTES;1890;1;061124;061124;16/08/2022;25/08/2022;279;6193;5725;0;1,00;2880,03;3,00;2973,63
DIFERENTES;3508;0;51447;542;24/04/2026;11/05/2026;225;7061;5833;MB63E0001A;1,00;417,36;5,00;438,23
DIFERENTES;3508;0;542;542;24/04/2026;11/05/2026;279;7061;5725;0;3,00;3780,69;3,00;11710,69
DIFERENTES;3814;0;;112365;15/05/2023;18/05/2023;65;6372;391;AQ - 07;15,00;1,19;0,00;17,85
DIFERENTES;3814;0;112365;112365;15/05/2023;18/05/2023;262;6372;5184;0;50,00;19,26;3,00;994,30
DIFERENTES;3814;1;;112365;15/05/2023;18/05/2023;65;6372;404;AQ - 01;15,00;27,93;0,00;418,95
DIFERENTES;3814;1;112365;112365;15/05/2023;18/05/2023;262;6372;5185;0;40,00;26,11;3,00;1078,34
DIFERENTES;3968;0;047787;132451;19/05/2023;24/05/2023;239;6388;5367;0;1,00;836,49;15,00;961,96
DIFERENTES;3968;0;;132451;19/05/2023;24/05/2023;77;6388;639;cobre;1,00;43,84;0,00;43,84
DIFERENTES;3968;0;132451;132451;19/05/2023;24/05/2023;282;6388;6071;aço 304;2,00;2839,71;0,00;5679,42
DIFERENTES;3968;1;047787;132451;19/05/2023;24/05/2023;239;6388;5693;K5402IT;1,00;1156,72;15,00;1330,23
DIFERENTES;3968;1;;132451;19/05/2023;24/05/2023;77;6388;672;600-2;10,00;5,20;0,00;52,00
DIFERENTES;3968;1;132451;132451;19/05/2023;24/05/2023;282;6388;6319;304;1,00;3483,20;0,00;3483,20
DIFERENTES;3970;0;23951;454806;28/10/2022;31/10/2022;221;6245;2548;088.1T;6,00;48,10;15,00;331,89
DIFERENTES;3970;0;454806;454806;28/10/2022;31/10/2022;241;6245;6296;A 58213;1,00;335,52;3,00;346,42
DIFERENTES;4172;0;019332;472431;19/05/2023;30/05/2023;267;6400;5560;379;3,00;23,00;0,00;69,00
DIFERENTES;4172;0;472431;472431;19/05/2023;30/05/2023;82;6400;5765;REU M150CFHB;1,00;1029,28;6,00;1096,18
DIFERENTES;4172;1;019332;472431;19/05/2023;30/05/2023;267;6400;5561;380;2,00;27,00;0,00;54,00
DIFERENTES;4172;1;472431;472431;19/05/2023;30/05/2023;82;6400;5422;REU2802FEC;1,00;3588,35;6,00;3821,59
DIFERENTES;4172;2;019332;472431;19/05/2023;30/05/2023;267;6400;5562;337;3,00;25,00;5,00;78,75
DIFERENTES;4172;2;472431;472431;19/05/2023;30/05/2023;82;6400;6047;REUE331;2,00;3006,23;6,00;6403,27
DIFERENTES;4172;3;019332;472431;19/05/2023;30/05/2023;267;6400;5517;0;5,00;31,05;0,00;155,25
DIFERENTES;4172;3;472431;472431;19/05/2023;30/05/2023;82;6400;5496;REU 2802 FEC;1,00;3588,35;6,00;3821,59
DIFERENTES;4387;0;;097364;04/06/2026;09/06/2026;97;7083;1856;002503;10,00;8,00;0,00;80,00
DIFERENTES;4387;0;097364;097364;04/06/2026;09/06/2026;267;7083;5574;332;5,00;9,60;0,00;48,00
DIFERENTES;4387;1;;097364;04/06/2026;09/06/2026;212;7083;3577;G 1.6;2,00;240,00;0,00;480,00
DIFERENTES;4387;1;097364;097364;04/06/2026;09/06/2026;267;7083;5557;323;2,00;92,00;0,00;184,00
DIFERENTES;4387;2;;097364;04/06/2026;09/06/2026;263;7083;5717;7002B;6,00;30,00;0,00;180,00
DIFERENTES;4387;2;097364;097364;04/06/2026;09/06/2026;267;7083;5569;353;5,00;13,86;3,00;71,55
DIFERENTES;4387;3;;097364;04/06/2026;09/06/2026;263;7083;5718;7007;1,00;28,00;0,00;28,00
DIFERENTES;4387;3;097364;097364;04/06/2026;09/06/2026;267;7083;5570;354;5,00;15,76;3,00;81,36
DIFERENTES;4512;1;232230;563601;27/05/2025;29/05/2025;82;6851;5765;REU 157 BR;2,00;577,65;10,00;1270,83
DIFERENTES;4512;1;232230;563601;27/05/2025;29/05/2025;82;6851;5838;E211FEH;3,00;1958,56;6,00;6257,60
DIFERENTES;4512;2;;563601;27/05/2025;29/05/2025;;6851;4964;REU 1602 FEH;2,00;1326,01;10,00;2917,22
DIFERENTES;4512;2;232230;563601;27/05/2025;29/05/2025;82;6851;6418;REU E 351;1,00;3899,46;6,00;4152,92
DIFERENTES;4512;3;;563601;27/05/2025;29/05/2025;;6851;4979;REU 1602 FEH;2,00;1326,01;10,00;2917,22
DIFERENTES;4512;3;232230;563601;27/05/2025;29/05/2025;82;6851;4858;200CFHB;1,00;1586,92;6,00;1690,07
DIFERENTES;4512;4;;563601;27/05/2025;29/05/2025;;6851;5269;REU 2402 FEH;1,00;2169,85;10,00;2386,84
DIFERENTES;4512;4;232230;563601;27/05/2025;29/05/2025;82;6851;6003;E 15FEH;2,00;1289,67;6,00;2734,10
DIFERENTES;4734;0;86394;068992;12/06/2026;19/06/2026;282;7092;5775;aço 316;1,00;1361,50;0,00;1361,50
DIFERENTES;4734;0;068992;068992;12/06/2026;19/06/2026;221;7092;2479;02012;6,00;86,77;10,00;571,38
DIFERENTES;4838;0;221524;022858;22/11/2022;28/11/2022;67;6266;5323;TP 40 ther;3,00;336,66;0,00;1009,98
DIFERENTES;4838;0;022858;022858;22/11/2022;28/11/2022;65;6266;5243;0;8,00;33,06;0,00;264,48
DIFERENTES;4838;1;221524;022858;22/11/2022;28/11/2022;67;6266;5144;TP 80;2,00;353,05;0,00;706,10
DIFERENTES;4838;1;022858;022858;22/11/2022;28/11/2022;65;6266;2405;2285.0636;50,00;14,96;0,00;748,00
DIFERENTES;5030;0;;130406;05/06/2025;12/06/2025;77;6849;639;cobre;2,00;44,63;0,00;89,26
DIFERENTES;5030;0;346294;130406;05/06/2025;12/06/2025;82;6849;5824;REU-E211FEHB;1,00;1239,96;10,00;1363,96
DIFERENTES;5030;0;130406;130406;05/06/2025;12/06/2025;262;6849;5184;0;30,00;30,30;3,00;938,54
DIFERENTES;5030;1;;130406;05/06/2025;12/06/2025;77;6849;672;600-2;5,00;2,92;0,00;14,60
DIFERENTES;5030;1;346294;130406;05/06/2025;12/06/2025;82;6849;6003;E 15;3,00;931,44;10,00;3073,75
DIFERENTES;5030;1;130406;130406;05/06/2025;12/06/2025;262;6849;5186;0;20,00;35,97;3,00;742,78
DIFERENTES;5030;2;;130406;05/06/2025;12/06/2025;77;6849;1379;731;20,00;5,87;0,00;117,40
DIFERENTES;5030;2;346294;130406;05/06/2025;12/06/2025;82;6849;5422;REU2802FEC;1,00;2736,21;10,00;3009,83
DIFERENTES;5030;2;130406;130406;05/06/2025;12/06/2025;262;6849;5217;0;20,00;39,88;3,00;823,52
DIFERENTES;5030;3;;130406;05/06/2025;12/06/2025;77;6849;1405;707-3;10,00;8,00;0,00;80,00
DIFERENTES;5030;3;346294;130406;05/06/2025;12/06/2025;82;6849;5993;E 331;1,00;2424,17;10,00;2666,59
DIFERENTES;5030;3;130406;130406;05/06/2025;12/06/2025;262;6849;6310;0;20,00;44,10;3,00;910,67
DIFERENTES;5030;4;;130406;05/06/2025;12/06/2025;73;6849;1656;10436;30,00;5,02;0,00;150,60
DIFERENTES;5030;4;346294;130406;05/06/2025;12/06/2025;82;6849;5838;REUE211FEH;2,00;1239,96;10,00;2727,91
DIFERENTES;5030;4;130406;130406;05/06/2025;12/06/2025;262;6849;6311;0;20,00;49,00;3,00;1011,85
DIFERENTES;5030;5;;130406;05/06/2025;12/06/2025;77;6849;2259;611;5,00;8,70;0,00;43,50
DIFERENTES;5030;5;346294;130406;05/06/2025;12/06/2025;82;6849;6023;E 271;1,00;1978,40;10,00;2176,24
DIFERENTES;5030;5;130406;130406;05/06/2025;12/06/2025;262;6849;6348;00749;20,00;14,36;3,00;296,53
DIFERENTES;5030;6;;130406;05/06/2025;12/06/2025;77;6849;2299;0;2,00;4,78;0,00;9,56
DIFERENTES;5030;6;346294;130406;05/06/2025;12/06/2025;82;6849;4858;REU 200 BR;1,00;988,26;10,00;1087,09
DIFERENTES;5030;6;130406;130406;05/06/2025;12/06/2025;262;6849;6380;0;20,00;42,16;3,00;870,60
DIFERENTES;5487;0;48124;195232;06/07/2023;11/07/2023;239;6415;4794;0;1,00;961,19;15,00;1105,37
DIFERENTES;5487;0;308970;195232;06/07/2023;11/07/2023;82;6415;4978;REU 182 BR;2,00;820,77;10,00;1805,69
DIFERENTES;5487;0;195232;195232;06/07/2023;11/07/2023;67;6415;3143;TP 820 T;3,00;749,12;3,00;2320,40
DIFERENTES;5487;1;48124;195232;06/07/2023;11/07/2023;239;6415;5030;ARX0210801;1,00;1266,01;15,00;1455,91
DIFERENTES;5487;1;308970;195232;06/07/2023;11/07/2023;82;6415;5824;REU-E210FEHB;1,00;1279,62;10,00;1407,58
DIFERENTES;5619;0;48243;224089;14/12/2022;20/12/2022;239;6285;4794;0;1,00;961,19;15,00;1105,37
DIFERENTES;5619;0;126542;224089;14/12/2022;20/12/2022;242;6285;5435;30189;10,00;10,62;0,00;106,20
DIFERENTES;5619;0;224089;224089;14/12/2022;20/12/2022;275;6285;6032;HO524400J;25,00;14,20;3,00;366,54
DIFERENTES;6747;0;237457;446;17/08/2026;18/08/2026;82;7121;5851;REU E17FEH;1,00;1032,45;10,00;1135,70
DIFERENTES;6747;0;446;446;17/08/2026;18/08/2026;302;7121;6465;715;50,00;125,00;0,00;6250,00
DIFERENTES;6877;0;;269144;28/07/2025;04/08/2025;263;6907;5669;0;20,00;15,00;0,00;300,00
DIFERENTES;6877;0;269144;269144;28/07/2025;04/08/2025;67;6907;5987;KO 38 D;2,00;3734,60;6,00;7954,70
DIFERENTES;7369;0;104717;316813;31/08/2026;09/09/2026;264;7147;5707;98487077;1,00;4865,96;5,00;5109,26
DIFERENTES;7369;0;;316813;31/08/2026;09/09/2026;65;7147;389;AQ - 13;30,00;5,12;0,00;153,60
DIFERENTES;7369;0;316813;316813;31/08/2026;09/09/2026;67;7147;6078;KO 26Prime;1,00;2451,24;6,00;2610,57
DIFERENTES;7613;0;88794;104294;20/08/2025;25/08/2025;43;6915;3637;0;20,00;6,41;5,00;134,61
DIFERENTES;7613;0;104294;104294;20/08/2025;25/08/2025;296;6915;6323;1543;30,00;14,50;6,00;463,28
DIFERENTES;7613;1;88794;104294;20/08/2025;25/08/2025;43;6915;5293;0;30,00;6,41;5,00;201,92
DIFERENTES;7613;1;104294;104294;20/08/2025;25/08/2025;296;6915;6362;30129;20,00;18,50;6,00;394,05
DIFERENTES;7613;2;88794;104294;20/08/2025;25/08/2025;43;6915;5287;0;30,00;4,88;5,00;153,72
DIFERENTES;7613;2;104294;104294;20/08/2025;25/08/2025;296;6915;6363;30130;50,00;20,00;6,00;1065,00
DIFERENTES;8565;0;89474;163844;02/10/2024;04/10/2024;43;6711;3637;0;20,00;6,05;5,00;127,05
DIFERENTES;8565;0;163844;163844;02/10/2024;04/10/2024;242;6711;5115;21903;3,00;397,96;3,00;1232,68
DIFERENTES;8565;1;89474;163844;02/10/2024;04/10/2024;43;6711;5293;0;20,00;6,05;5,00;127,05
DIFERENTES;8565;1;163844;163844;02/10/2024;04/10/2024;242;6711;4943;21889;2,00;508,37;3,00;1049,78
DIFERENTES;8603;0;020619;063673;10/10/2023;17/10/2023;267;6474;5514;0;3,00;12,14;0,00;36,42
DIFERENTES;8603;0;063673;063673;10/10/2023;17/10/2023;279;6474;5724;0;2,00;2718,64;3,00;5613,99
DIFERENTES;8603;1;020619;063673;10/10/2023;17/10/2023;267;6474;5515;0;3,00;21,00;0,00;63,00
DIFERENTES;8603;1;063673;063673;10/10/2023;17/10/2023;279;6474;5725;0;2,00;3055,15;3,00;6308,88
DIFERENTES;9370;0;;133554;16/10/2025;21/10/2025;65;6943;403;AQ - 06;40,00;2,29;0,00;91,60
DIFERENTES;9370;0;133554;133554;16/10/2025;21/10/2025;262;6943;5184;0;20,00;28,59;3,00;590,38
DIFERENTES;9370;1;;133554;16/10/2025;21/10/2025;65;6943;404;AQ - 01;21,00;29,93;0,00;628,53
DIFERENTES;9370;1;133554;133554;16/10/2025;21/10/2025;262;6943;5444;0;10,00;42,51;3,00;438,92
DIFERENTES;9370;2;;133554;16/10/2025;21/10/2025;65;6943;458;AQ - 01;10,00;48,04;0,00;480,40
DIFERENTES;9370;2;133554;133554;16/10/2025;21/10/2025;262;6943;5185;0;20,00;31,18;3,00;642,31
DIFERENTES;9370;3;;133554;16/10/2025;21/10/2025;65;6943;505;AQ - 20;15,00;7,65;0,00;114,75
DIFERENTES;9370;3;133554;133554;16/10/2025;21/10/2025;262;6943;5217;0;20,00;39,32;3,00;811,96
DIFERENTES;9370;4;;133554;16/10/2025;21/10/2025;65;6943;488;AQ - 10;5,00;4,91;0,00;24,55
DIFERENTES;9370;4;133554;133554;16/10/2025;21/10/2025;262;6943;6380;0;10,00;40,16;3,00;414,65
DIFERENTES;9370;5;;133554;16/10/2025;21/10/2025;65;6943;2405;2285.0636;20,00;11,10;0,00;222,00
DIFERENTES;9370;5;133554;133554;16/10/2025;21/10/2025;262;6943;6310;0;20,00;42,01;3,00;867,51
DIFERENTES;9370;6;;133554;16/10/2025;21/10/2025;65;6943;5243;0;3,00;22,04;0,00;66,12
DIFERENTES;9370;6;133554;133554;16/10/2025;21/10/2025;262;6943;6311;0;10,00;46,68;3,00;481,97
DIFERENTES;10061;0;49369;1624411;12/11/2024;22/11/2024;239;6729;4848;0;1,00;1289,82;15,00;1483,29
DIFERENTES;10061;0;1624411;1624411;12/11/2024;22/11/2024;276;6729;5660;5456;1,00;959,29;0,00;959,29
DIFERENTES;11002;0;;285863;05/12/2025;15/12/2025;;6984;5269;REU 2402 FEH;1,00;2042,21;10,00;2246,43
DIFERENTES;11002;0;244403;285863;05/12/2025;15/12/2025;67;6984;6080;KO 33Prime;2,00;3069,01;6,00;6536,99
DIFERENTES;11002;0;244403;285863;05/12/2025;15/12/2025;67;6984;6079;KO26Prime;1,00;2487,87;6,00;2649,58
DIFERENTES;11348;0;;296658;16/12/2025;26/12/2025;;6994;4964;REU 1602 FEH;1,00;1248,01;10,00;1372,81
DIFERENTES;11348;0;296658;296658;16/12/2025;26/12/2025;275;6994;6495;P28202652;30,00;13,19;3,00;408,56
DIFERENTES;11348;1;;296658;16/12/2025;26/12/2025;;6994;4979;REU 1602 FEH;1,00;1248,01;10,00;1372,81
DIFERENTES;11348;1;296658;296658;16/12/2025;26/12/2025;275;6994;6039;P28202650;60,00;6,17;3,00;382,23
DIFERENTES;11348;2;250100;296658;16/12/2025;26/12/2025;82;6994;4858;REU 182 BR;1,00;635,05;10,00;698,56
DIFERENTES;11348;2;296658;296658;16/12/2025;26/12/2025;275;6994;6032;HO524400J;20,00;14,74;3,00;303,64
DIFERENTES;11348;3;;296658;16/12/2025;26/12/2025;;6994;5269;REU 2402 FEH;1,00;2042,21;10,00;2246,43
DIFERENTES;11348;3;296658;296658;16/12/2025;26/12/2025;275;6994;6034;HO5241000J;10,00;20,49;3,00;211,56
DIFERENTES;13190;0;104661;370966;11/01/2021;13/01/2021;242;5816;5901;21897;10,00;11,87;0,00;118,70
DIFERENTES;13190;0;370966;370966;11/01/2021;13/01/2021;82;5816;5422;REU2802FEC;1,00;2934,58;10,00;3228,04
DIFERENTES;852;0;;014223;19/07/2022;26/07/2022;;6163;5723;0;1,00;1284,22;5,00;1348,43
DIFERENTES;852;0;;014223;19/07/2022;26/07/2022;;6163;5161;KO 43 D;5,00;2989,00;0,00;14945,00
DIFERENTES;852;0;014223;014223;19/07/2022;26/07/2022;263;6163;5670;0;20,00;31,20;0,00;624,00
DIFERENTES;1300;0;;130823;03/02/2023;10/02/2023;73;6310;1658;12.032-0;4,00;0,55;0,00;2,20
DIFERENTES;1300;0;130823;130823;03/02/2023;10/02/2023;282;6310;6309;0;1,00;5292,71;0,00;5292,71
DIFERENTES;1825;0;;509039;28/02/2024;04/03/2024;65;6559;3837;0;20,00;8,81;0,00;176,20
DIFERENTES;1825;0;509039;509039;28/02/2024;04/03/2024;82;6559;4858;200CFHB;2,00;1481,87;6,00;3156,38
DIFERENTES;1825;1;;509039;28/02/2024;04/03/2024;65;6559;2405;2285.0636;30,00;7,51;0,00;225,30
DIFERENTES;1825;1;509039;509039;28/02/2024;04/03/2024;82;6559;4978;200CFHB;1,00;1481,87;6,00;1578,19
DIFERENTES;1825;2;;509039;28/02/2024;04/03/2024;65;6559;2408;2285.0679;10,00;12,99;0,00;129,90
DIFERENTES;1825;2;509039;509039;28/02/2024;04/03/2024;82;6559;6021;E271FEH;1,00;2575,22;6,00;2742,61
DIFERENTES;1825;3;;509039;28/02/2024;04/03/2024;65;6559;5722;0;10,00;3,43;0,00;34,30
DIFERENTES;1825;3;509039;509039;28/02/2024;04/03/2024;82;6559;5824;E211FEH;1,00;1850,19;6,00;1970,45
DIFERENTES;1825;4;;509039;28/02/2024;04/03/2024;65;6559;5803;0;10,00;4,14;0,00;41,40
DIFERENTES;1825;4;509039;509039;28/02/2024;04/03/2024;82;6559;5838;E211FEH;2,00;1850,19;6,00;3940,90
DIFERENTES;1930;0;;158557;05/03/2024;07/03/2024;;6570;5723;0;1,00;1284,22;5,00;1348,43
DIFERENTES;1930;0;158557;158557;05/03/2024;07/03/2024;242;6570;4956;21893;5,00;42,61;3,00;219,97
DIFERENTES;1930;1;045125;158557;05/03/2024;07/03/2024;279;6570;5724;0;2,00;1492,38;5,00;3134,00
DIFERENTES;1930;1;158557;158557;05/03/2024;07/03/2024;242;6570;4426;20451;5,00;55,61;3,00;287,09
DIFERENTES;2468;0;;186571;24/03/2023;29/03/2023;207;6342;3874;0;6,00;45,00;0,00;270,00
DIFERENTES;2468;0;186571;186571;24/03/2023;29/03/2023;67;6342;5554;KO 15 D;21,00;1178,40;6,00;26354,92
DIFERENTES;2468;1;;186571;24/03/2023;29/03/2023;77;6342;5198;cla I;4,00;249,00;0,00;996,00
DIFERENTES;2468;1;186571;186571;24/03/2023;29/03/2023;67;6342;5551;KO 20 D;5,00;1546,68;6,00;8236,07
DIFERENTES;2565;0;;204031;19/03/2025;19/03/2025;;22;5158;KO 22 D;1,00;600,00;0,00;600,00
DIFERENTES;2565;0;;204031;19/03/2025;19/03/2025;77;22;3872;0;8,00;35,00;0,00;280,00
DIFERENTES;3010;0;966474;111613;13/04/2023;20/04/2023;276;6341;5915;10094;1,00;696,74;15,00;801,25
DIFERENTES;3010;0;111613;111613;13/04/2023;20/04/2023;262;6341;5186;0;30,00;27,56;3,00;853,67
DIFERENTES;3010;1;966474;111613;13/04/2023;20/04/2023;276;6341;5916;19784;2,00;828,50;4,00;1723,28
DIFERENTES;3010;1;111613;111613;13/04/2023;20/04/2023;262;6341;5217;0;30,00;30,78;3,00;953,41
DIFERENTES;3139;0;264160;032178;16/04/2024;18/04/2024;82;6595;5838;REUE210FEH;1,00;1276,73;10,00;1404,40
DIFERENTES;3139;0;032178;032178;16/04/2024;18/04/2024;65;6595;2405;2285.0636;20,00;13,25;0,00;265,00
DIFERENTES;3140;0;96017;032158;16/04/2024;18/04/2024;43;6595;5278;0;3,00;36,02;5,00;113,46
DIFERENTES;3140;0;032158;032158;16/04/2024;18/04/2024;65;6595;462;AQ - 03;20,00;1,36;0,00;27,20
DIFERENTES;3140;1;96017;032158;16/04/2024;18/04/2024;43;6595;5282;0;3,00;54,26;5,00;170,92
DIFERENTES;3140;1;032158;032158;16/04/2024;18/04/2024;65;6595;467;AQ - 03;10,00;2,27;0,00;22,70
DIFERENTES;3140;2;96017;032158;16/04/2024;18/04/2024;43;6595;5279;0;3,00;40,96;5,00;129,02
DIFERENTES;3140;2;032158;032158;16/04/2024;18/04/2024;65;6595;6122;22140256;40,00;0,98;0,00;39,20
DIFERENTES;3140;3;96017;032158;16/04/2024;18/04/2024;43;6595;5283;0;3,00;62,33;5,00;196,34
DIFERENTES;3140;3;032158;032158;16/04/2024;18/04/2024;65;6595;6124;22150251;50,00;0,48;0,00;24,00
DIFERENTES;3140;4;;032158;16/04/2024;18/04/2024;;6595;5914;0;3,00;38,49;0,00;115,47
DIFERENTES;3140;4;032158;032158;16/04/2024;18/04/2024;65;6595;6123;22150324;25,00;1,59;0,00;39,75
DIFERENTES;3140;5;;032158;16/04/2024;18/04/2024;;6595;5918;0;3,00;50,42;0,00;151,26
DIFERENTES;3140;5;032158;032158;16/04/2024;18/04/2024;65;6595;6173;0;10,00;39,52;0,00;395,20
DIFERENTES;3151;0;6564;150588;25/04/2023;27/04/2023;67;6367;5550;KO 20 D;6,00;1039,83;0,00;6238,98
DIFERENTES;3151;0;150588;150588;25/04/2023;27/04/2023;242;6367;5115;21903;6,00;379,01;3,00;2347,97
DIFERENTES;3201;0;93554;160406;15/04/2024;18/04/2024;282;6587;5920;inox 316;1,00;1462,25;0,00;1462,25
DIFERENTES;3201;0;160406;160406;15/04/2024;18/04/2024;43;6587;4707;2182;30,00;10,95;3,00;339,18
DIFERENTES;5050;0;94460;307109;22/06/2026;29/06/2026;282;7096;5775;aço 316;2,00;1581,75;0,00;3163,50
DIFERENTES;5050;0;307109;307109;22/06/2026;29/06/2026;67;7096;6147;KO 46 D;2,00;4490,64;6,00;9565,06
DIFERENTES;5273;0;6009;162420;19/06/2024;25/06/2024;67;6643;5553;KO 15 D;10,00;826,26;0,00;8262,60
DIFERENTES;5273;0;162420;162420;19/06/2024;25/06/2024;43;6643;3684;1639;20,00;8,82;3,00;182,13
DIFERENTES;5273;1;6009;162420;19/06/2024;25/06/2024;67;6643;5589;KO 15 DI;10,00;826,26;0,00;8262,60
DIFERENTES;5273;1;162420;162420;19/06/2024;25/06/2024;43;6643;3637;819;30,00;11,19;3,00;346,61
DIFERENTES;5273;2;6009;162420;19/06/2024;25/06/2024;67;6643;5550;KO 20 D;2,00;1039,82;0,00;2079,64
DIFERENTES;5273;2;162420;162420;19/06/2024;25/06/2024;43;6643;5293;1875;30,00;11,19;3,00;346,61
DIFERENTES;5273;3;6009;162420;19/06/2024;25/06/2024;67;6643;5588;KO 20 Di;2,00;1039,82;0,00;2079,64
DIFERENTES;5273;3;162420;162420;19/06/2024;25/06/2024;43;6643;3636;157;6,00;23,84;3,00;147,69
DIFERENTES;5273;4;;162420;19/06/2024;25/06/2024;;6643;5157;KO 30 D;3,00;2162,60;0,00;6487,80
DIFERENTES;5273;4;162420;162420;19/06/2024;25/06/2024;43;6643;3213;1663;5,00;154,46;0,00;772,30
DIFERENTES;5273;5;;162420;19/06/2024;25/06/2024;;6643;5159;KO 31 D;3,00;2162,60;0,00;6487,80
DIFERENTES;5273;5;162420;162420;19/06/2024;25/06/2024;43;6643;3681;1048;10,00;42,97;0,00;429,70
DIFERENTES;5273;6;;162420;19/06/2024;25/06/2024;;6643;5134;KO 31 DI;1,00;2204,88;0,00;2204,88
DIFERENTES;5273;6;162420;162420;19/06/2024;25/06/2024;43;6643;6156;0;3,00;78,70;0,00;236,10
DIFERENTES;5273;7;6009;162420;19/06/2024;25/06/2024;67;6643;3828;TQC 200;4,00;600,67;0,00;2402,68
DIFERENTES;5273;7;162420;162420;19/06/2024;25/06/2024;43;6643;3212;346;10,00;83,58;0,00;835,80
DIFERENTES;5273;8;6009;162420;19/06/2024;25/06/2024;67;6643;3655;TQC 400;1,00;665,15;0,00;665,15
DIFERENTES;5273;8;162420;162420;19/06/2024;25/06/2024;43;6643;2692;1051;3,00;106,14;0,00;318,42
DIFERENTES;5273;9;6009;162420;19/06/2024;25/06/2024;67;6643;3608;TP 40;8,00;195,00;0,00;1560,00
DIFERENTES;5273;9;162420;162420;19/06/2024;25/06/2024;43;6643;5278;1053;10,00;76,21;3,00;786,87
DIFERENTES;5273;10;6009;162420;19/06/2024;25/06/2024;67;6643;5144;TP 80;4,00;325,00;0,00;1300,00
DIFERENTES;5273;10;162420;162420;19/06/2024;25/06/2024;43;6643;5279;1055;3,00;87,86;3,00;272,15
DIFERENTES;5273;11;6009;162420;19/06/2024;25/06/2024;67;6643;3143;TP 820 T;3,00;428,76;0,00;1286,28
DIFERENTES;5273;11;162420;162420;19/06/2024;25/06/2024;43;6643;5282;1054;5,00;114,61;3,00;591,67
DIFERENTES;5273;12;6009;162420;19/06/2024;25/06/2024;67;6643;3142;TP 825;1,00;463,00;0,00;463,00
DIFERENTES;5273;12;162420;162420;19/06/2024;25/06/2024;43;6643;5283;1056;3,00;131,66;3,00;407,82
DIFERENTES;5273;13;6009;162420;19/06/2024;25/06/2024;67;6643;5926;0;2,00;349,00;0,00;698,00
DIFERENTES;5273;13;162420;162420;19/06/2024;25/06/2024;43;6643;3805;1666;10,00;15,30;3,00;157,97
DIFERENTES;5314;0;;673709;06/07/2026;06/07/2026;65;15;397;AQ - 07;10,00;2,48;0,00;24,80
DIFERENTES;5314;0;;673709;06/07/2026;06/07/2026;0;15;483;AQ - 08;2,00;18,31;0,00;36,62
DIFERENTES;5314;1;;673709;06/07/2026;06/07/2026;65;15;480;AQ - 06;10,00;4,57;0,00;45,70
DIFERENTES;5314;1;;673709;06/07/2026;06/07/2026;0;15;504;AQ - 13;2,00;15,51;0,00;31,02
DIFERENTES;5314;2;;673709;06/07/2026;06/07/2026;73;15;855;12.062-0;10,00;0,87;0,00;8,70
DIFERENTES;5314;2;;673709;06/07/2026;06/07/2026;0;15;6128;27950329;3,00;23,07;0,00;69,21
DIFERENTES;5677;0;;215711;16/07/2026;16/07/2026;263;17;5669;0;26,00;15,00;0,00;390,00
DIFERENTES;5677;0;;215711;16/07/2026;16/07/2026;0;17;2754;603;2,00;29,00;0,00;58,00
DIFERENTES;5825;0;;184907;14/07/2026;20/07/2026;;7112;4964;REU 1602 FEH;2,00;1372,82;10,00;3020,20
DIFERENTES;5825;0;184907;184907;14/07/2026;20/07/2026;43;7112;3213;1663;3,00;178,61;0,00;535,83
DIFERENTES;5825;1;270938;184907;14/07/2026;20/07/2026;82;7112;5824;REU-E210FEHB;1,00;1276,73;10,00;1404,40
DIFERENTES;5825;1;184907;184907;14/07/2026;20/07/2026;43;7112;1432;1128;3,00;259,89;0,00;779,67
DIFERENTES;6094;0;271845;216037;28/07/2026;28/07/2026;82;18;5838;REUE210FEH;2,00;1276,73;10,00;2808,81
DIFERENTES;6094;0;;216037;28/07/2026;28/07/2026;0;18;36;607;2,00;13,00;0,00;26,00
DIFERENTES;6094;1;271845;216037;28/07/2026;28/07/2026;82;18;4858;REU 182 BR;1,00;698,55;10,00;768,41
DIFERENTES;6094;1;;216037;28/07/2026;28/07/2026;0;18;2251;733;2,00;64,00;0,00;128,00
DIFERENTES;6094;2;271845;216037;28/07/2026;28/07/2026;82;18;4978;REU 182 BR;2,00;698,55;10,00;1536,81
DIFERENTES;6094;2;;216037;28/07/2026;28/07/2026;0;18;2308;712;1,00;53,00;0,00;53,00
DIFERENTES;7369;1;;316813;31/08/2026;09/09/2026;65;7147;390;AQ - 10;10,00;1,86;0,00;18,60
DIFERENTES;7369;1;316813;316813;31/08/2026;09/09/2026;67;7147;6079;KO26Prime;2,00;2451,24;6,00;5221,14
DIFERENTES;7369;2;;316813;31/08/2026;09/09/2026;65;7147;391;AQ - 07;200,00;0,83;0,00;166,00
DIFERENTES;7369;2;316813;316813;31/08/2026;09/09/2026;67;7147;6089;KO 33 D;1,00;3220,98;6,00;3430,34
DIFERENTES;7369;3;;316813;31/08/2026;09/09/2026;65;7147;396;AQ - 02;50,00;1,47;0,00;73,50
DIFERENTES;7369;3;316813;316813;31/08/2026;09/09/2026;67;7147;5990;KO 38 D;1,00;3276,75;6,00;3489,74
DIFERENTES;7369;4;;316813;31/08/2026;09/09/2026;65;7147;397;AQ - 07;20,00;1,67;0,00;33,40
DIFERENTES;7369;4;316813;316813;31/08/2026;09/09/2026;67;7147;5554;KO 16 D;3,00;1313,02;6,00;4195,10
DIFERENTES;7543;2;;187645;11/09/2023;11/09/2023;;33;5133;KO 31 DI;3,00;2256,26;0,00;6768,78
DIFERENTES;7543;2;;187645;11/09/2023;11/09/2023;77;33;4222;0;1,00;187,50;0,00;187,50
DIFERENTES;1994;2;;119246;01/03/2024;07/03/2024;;6555;5248;REU 2402 FEH;1,00;2251,53;10,00;2476,68
DIFERENTES;1994;2;119246;119246;01/03/2024;07/03/2024;262;6555;5217;0;20,00;40,54;3,00;837,15
DIFERENTES;1994;3;297658;119246;01/03/2024;07/03/2024;82;6555;4978;REU 182 BR;2,00;820,77;10,00;1805,69
DIFERENTES;1994;3;119246;119246;01/03/2024;07/03/2024;262;6555;6310;0;30,00;42,83;3,00;1326,66
DIFERENTES;2650;0;400007;12757;19/03/2026;07/04/2026;238;7039;5950;94701/214;1,00;1092,36;4,00;1136,05
DIFERENTES;2650;0;12757;12757;19/03/2026;07/04/2026;263;7039;5699;7013 B;30,00;13,56;0,00;406,80
DIFERENTES;2650;1;400007;12757;19/03/2026;07/04/2026;238;7039;5971;94866/220;1,00;1477,99;12,00;1655,35
DIFERENTES;2650;1;12757;12757;19/03/2026;07/04/2026;263;7039;5698;7012 B;150,00;1,44;0,00;216,00
DIFERENTES;2698;0;031760;600959;07/04/2026;09/04/2026;281;7050;5770;0;5,00;78,00;0,00;390,00
DIFERENTES;2698;0;600959;600959;07/04/2026;09/04/2026;82;7050;4858;200CFHB;1,00;1686,43;6,00;1796,05
DIFERENTES;3214;0;402134;80182;24/04/2023;28/04/2023;238;6365;4287;94.802/110;1,00;880,01;15,00;1012,01
DIFERENTES;3214;0;80182;80182;24/04/2023;28/04/2023;296;6365;6167;10395;5,00;69,76;3,00;360,14
DIFERENTES;3214;1;402134;80182;24/04/2023;28/04/2023;238;6365;5922;95800/011;2,00;916,32;15,00;2107,54
DIFERENTES;3214;1;80182;80182;24/04/2023;28/04/2023;296;6365;6227;892;3,00;113,66;3,00;352,06
DIFERENTES;3748;0;032306;083855;29/04/2025;06/05/2025;281;6830;5770;0;6,00;78,00;0,00;468,00
DIFERENTES;3748;0;083855;083855;29/04/2025;06/05/2025;267;6830;5528;336;20,00;10,04;10,00;220,38
DIFERENTES;2244;0;67250;167113;06/03/2025;17/03/2025;225;6808;3849;MB71E0006AS;1,00;608,16;5,00;638,57
DIFERENTES;2244;0;167113;167113;06/03/2025;17/03/2025;242;6808;6442;32701;3,00;22,54;3,00;69,82
DIFERENTES;8550;0;;275851;18/09/2025;25/09/2025;;6931;5780;REU2402FEH;4,00;2144,32;10,00;9435,01
DIFERENTES;8550;0;278919;275851;18/09/2025;25/09/2025;82;6931;6023;E 271;3,00;1978,40;10,00;6528,72
DIFERENTES;8550;0;275851;275851;18/09/2025;25/09/2025;67;6931;6080;KO 33Prime;3,00;3268,98;6,00;10444,39
DIFERENTES;8550;1;;275851;18/09/2025;25/09/2025;;6931;5269;REU 2402 FEH;1,00;2144,32;10,00;2358,75
DIFERENTES;8550;1;278919;275851;18/09/2025;25/09/2025;82;6931;6021;E 271;1,00;1978,40;10,00;2176,24
DIFERENTES;8550;1;275851;275851;18/09/2025;25/09/2025;67;6931;6147;KO 46 D;1,00;4664,88;6,00;4968,10
DIFERENTES;8552;0;047248;077048;27/09/2024;04/10/2024;279;6702;5724;0;3,00;1626,70;5,00;5124,11
DIFERENTES;8552;0;077048;077048;27/09/2024;04/10/2024;267;6702;5514;1144;10,00;19,02;0,00;190,20
DIFERENTES;9870;0;282479;155819;23/11/2023;29/11/2023;241;6502;5936;A 26010;1,00;998,70;0,00;998,70
DIFERENTES;9870;0;155819;155819;23/11/2023;29/11/2023;242;6502;5408;21907;1,00;679,79;0,00;679,79
DIFERENTES;11494;0;026460;173908;23/12/2025;30/12/2025;267;7000;5514;0;4,00;12,13;0,00;48,52
DIFERENTES;11494;0;173908;173908;23/12/2025;30/12/2025;242;7000;6453;22423;2,00;751,73;0,00;1503,46
DIFERENTES;852;1;018523;014223;19/07/2022;26/07/2022;67;6163;5551;KO 20 D;5,00;1159,01;0,00;5795,05
DIFERENTES;852;1;014223;014223;19/07/2022;26/07/2022;263;6163;5668;0;60,00;26,28;0,00;1576,80
DIFERENTES;852;2;;014223;19/07/2022;26/07/2022;;6163;5948;KO 25;2,00;1649,00;0,00;3298,00
DIFERENTES;852;2;014223;014223;19/07/2022;26/07/2022;263;6163;5671;0;20,00;34,63;0,00;692,60
DIFERENTES;852;3;018523;014223;19/07/2022;26/07/2022;67;6163;3143;TP 820 T;2,00;498,00;0,00;996,00
DIFERENTES;852;3;014223;014223;19/07/2022;26/07/2022;263;6163;5669;0;20,00;29,06;0,00;581,20
DIFERENTES;852;4;018523;014223;19/07/2022;26/07/2022;67;6163;3142;TP 825;2,00;538,00;0,00;1076,00
DIFERENTES;852;4;014223;014223;19/07/2022;26/07/2022;263;6163;5718;7007;20,00;41,12;0,00;822,40
DIFERENTES;903;0;;143633;21/07/2022;27/07/2022;;6171;5134;KO 31 DI;2,00;2039,00;0,00;4078,00
DIFERENTES;903;0;056424;143633;21/07/2022;27/07/2022;67;6171;6008;KO 35 Di;1,00;2789,00;0,00;2789,00
DIFERENTES;903;0;143633;143633;21/07/2022;27/07/2022;242;6171;5592;22098;5,00;127,48;0,00;637,40
DIFERENTES;904;0;;443879;21/07/2022;27/07/2022;;6176;5213;94716/114;1,00;1358,16;4,00;1412,49
DIFERENTES;904;0;443879;443879;21/07/2022;27/07/2022;241;6176;5986;A240102;2,00;203,15;3,00;419,50
DIFERENTES;1037;0;032692;166281;28/01/2025;31/01/2025;67;6795;5550;KO 20 D;3,00;1159,00;0,00;3477,00
DIFERENTES;1037;0;166281;166281;28/01/2025;31/01/2025;242;6795;6441;22729;1,00;327,77;3,00;338,42
DIFERENTES;1882;0;;528092;16/08/2022;24/08/2022;;6183;5213;94716/114;1,00;1358,16;4,00;1412,49
DIFERENTES;1882;0;528092;528092;16/08/2022;24/08/2022;207;6183;3874;057848;20,00;41,32;0,00;826,40
DIFERENTES;1882;1;396754;528092;16/08/2022;24/08/2022;238;6183;4286;94803/110;1,00;934,48;15,00;1074,65
DIFERENTES;1882;1;528092;528092;16/08/2022;24/08/2022;207;6183;5788;069049;30,00;33,56;0,00;1006,80
DIFERENTES;1994;0;;119246;01/03/2024;07/03/2024;;6555;5626;REU2402FEH P;1,00;2251,53;10,00;2476,68
DIFERENTES;1994;0;119246;119246;01/03/2024;07/03/2024;262;6555;5184;0;20,00;26,14;3,00;539,79
DIFERENTES;1994;1;;119246;01/03/2024;07/03/2024;;6555;5780;REU2402FEH;2,00;2251,53;10,00;4953,37
DIFERENTES;1994;1;119246;119246;01/03/2024;07/03/2024;262;6555;5186;0;30,00;36,42;3,00;1128,11
DIFERENTES;4321;0;;081061;30/05/2023;05/06/2023;77;6399;5198;cla I;1,00;116,00;0,00;116,00
DIFERENTES;4321;0;081061;081061;30/05/2023;05/06/2023;296;6399;6323;1543;100,00;23,85;3,00;2462,51
DIFERENTES;4636;0;185515;261140;26/05/2025;02/06/2025;97;6850;2307;002353;6,00;26,73;10,00;176,42
DIFERENTES;4636;0;261140;261140;26/05/2025;02/06/2025;67;6850;5987;KO 38 D;4,00;3734,60;6,00;15909,40
DIFERENTES;4636;1;185515;261140;26/05/2025;02/06/2025;97;6850;2991;002382;3,00;100,13;0,00;300,39
DIFERENTES;4636;1;261140;261140;26/05/2025;02/06/2025;67;6850;5554;KO 16 D;3,00;1378,71;6,00;4404,98
DIFERENTES;4636;2;185515;261140;26/05/2025;02/06/2025;97;6850;1856;002503;60,00;2,14;5,00;134,82
DIFERENTES;4636;2;261140;261140;26/05/2025;02/06/2025;67;6850;5550;KO 21 D;2,00;1714,68;6,00;3652,27
DIFERENTES;4636;3;185515;261140;26/05/2025;02/06/2025;97;6850;5877;009631;10,00;85,91;5,00;902,06
DIFERENTES;4636;3;261140;261140;26/05/2025;02/06/2025;67;6850;5551;KO 21 D;5,00;1714,68;6,00;9130,67
DIFERENTES;4636;4;185515;261140;26/05/2025;02/06/2025;97;6850;5878;003065;27,00;15,48;0,00;417,96
DIFERENTES;4636;4;261140;261140;26/05/2025;02/06/2025;67;6850;5588;KO 21 Di;3,00;1816,08;6,00;5802,38
DIFERENTES;4796;0;118185;305917;11/06/2026;22/06/2026;242;7091;5931;22070;1,00;21,47;0,00;21,47
DIFERENTES;4796;0;;305917;11/06/2026;22/06/2026;65;7091;472;AQ - 05;6,00;9,27;0,00;55,62
DIFERENTES;4796;0;305917;305917;11/06/2026;22/06/2026;67;7091;5987;KO 38 D;1,00;3326,40;6,00;3542,62
DIFERENTES;4929;0;9835;306943;23/06/2026;25/06/2026;263;7095;5669;0;10,00;15,62;0,00;156,20
DIFERENTES;4929;0;306943;306943;23/06/2026;25/06/2026;275;7095;6495;P28202652;30,00;16,36;3,00;506,75
DIFERENTES;4929;1;9835;306943;23/06/2026;25/06/2026;263;7095;5678;7201;15,00;65,88;0,00;988,20
DIFERENTES;4929;1;306943;306943;23/06/2026;25/06/2026;275;7095;6325;P28202260M;20,00;13,68;3,00;282,49
DIFERENTES;4929;2;9835;306943;23/06/2026;25/06/2026;263;7095;5679;7202;6,00;70,77;0,00;424,62
DIFERENTES;4929;2;306943;306943;23/06/2026;25/06/2026;275;7095;5900;00206060;12,00;41,46;0,00;497,52
DIFERENTES;4929;3;9835;306943;23/06/2026;25/06/2026;263;7095;5680;7205;5,00;70,09;0,00;350,45
DIFERENTES;4929;3;306943;306943;23/06/2026;25/06/2026;275;7095;6517;19204;18,00;23,20;0,00;417,60
DIFERENTES;4929;4;9835;306943;23/06/2026;25/06/2026;263;7095;5681;7206;5,00;75,47;0,00;377,35
DIFERENTES;4929;4;306943;306943;23/06/2026;25/06/2026;275;7095;6095;19205;12,00;31,67;0,00;380,04
DIFERENTES;5200;0;108999;7874;25/11/2022;08/12/2022;43;6268;3637;819;10,00;7,31;5,00;76,76
DIFERENTES;5200;0;7874;7874;25/11/2022;08/12/2022;263;6268;5699;7013 B;20,00;12,74;0,00;254,80
DIFERENTES;5200;1;108999;7874;25/11/2022;08/12/2022;43;6268;5293;1875;10,00;7,31;5,00;76,76
DIFERENTES;5200;1;7874;7874;25/11/2022;08/12/2022;263;6268;6006;005104;20,00;10,79;3,00;222,81
DIFERENTES;5200;2;108999;7874;25/11/2022;08/12/2022;43;6268;3684;1639;50,00;5,19;5,00;272,48
DIFERENTES;5200;2;7874;7874;25/11/2022;08/12/2022;263;6268;5670;0;30,00;31,33;3,00;970,45
DIFERENTES;5200;3;108999;7874;25/11/2022;08/12/2022;43;6268;5264;1413;20,00;5,73;5,00;120,33
DIFERENTES;5200;3;7874;7874;25/11/2022;08/12/2022;263;6268;5668;0;50,00;26,39;3,00;1362,38
DIFERENTES;5200;4;108999;7874;25/11/2022;08/12/2022;43;6268;5271;1667;3,00;6,17;5,00;19,44
DIFERENTES;5200;4;7874;7874;25/11/2022;08/12/2022;263;6268;5671;0;30,00;33,77;3,00;1046,03
DIFERENTES;5200;5;108999;7874;25/11/2022;08/12/2022;43;6268;3636;157;10,00;14,89;5,00;156,35
DIFERENTES;5200;5;7874;7874;25/11/2022;08/12/2022;263;6268;5669;0;20,00;29,18;3,00;602,57
DIFERENTES;5200;6;108999;7874;25/11/2022;08/12/2022;43;6268;2897;1640;2,00;88,00;0,00;176,00
DIFERENTES;5200;6;7874;7874;25/11/2022;08/12/2022;263;6268;6176;70236;5,00;65,79;0,00;328,95
DIFERENTES;5200;7;108999;7874;25/11/2022;08/12/2022;43;6268;3681;1048;3,00;21,13;0,00;63,39
DIFERENTES;5200;7;7874;7874;25/11/2022;08/12/2022;263;6268;6175;70356;5,00;80,65;0,00;403,25
DIFERENTES;5200;8;108999;7874;25/11/2022;08/12/2022;43;6268;3531;1050;3,00;26,86;0,00;80,58
DIFERENTES;5200;8;7874;7874;25/11/2022;08/12/2022;263;6268;5718;7007;30,00;40,10;0,00;1203,00
DIFERENTES;5200;9;108999;7874;25/11/2022;08/12/2022;43;6268;3212;346;3,00;41,28;0,00;123,84
DIFERENTES;5200;9;7874;7874;25/11/2022;08/12/2022;263;6268;5719;7008;20,00;44,07;0,00;881,40
DIFERENTES;5656;0;;688048;09/07/2026;16/07/2026;;7101;5160;KO 43 D;1,00;3689,03;0,00;3689,03
DIFERENTES;5656;0;688048;688048;09/07/2026;16/07/2026;16;7101;6368;0;20,00;34,28;0,00;685,60
DIFERENTES;5732;0;;226484;05/07/2024;09/07/2024;;6658;5988;0;1,00;3025,71;5,00;3177,00
DIFERENTES;5732;0;226484;226484;05/07/2024;09/07/2024;67;6658;6080;KO 33Prime;2,00;3069,01;6,00;6536,99
DIFERENTES;5732;1;050713;226484;05/07/2024;09/07/2024;279;6658;5724;0;1,00;1626,70;5,00;1708,04
DIFERENTES;5732;1;226484;226484;05/07/2024;09/07/2024;67;6658;5987;KO 38 D;2,00;3314,86;6,00;7060,65
DIFERENTES;6042;1;196304;173662;30/06/2025;11/07/2025;67;6873;5553;KO 15 D;4,00;898,00;0,00;3592,00
DIFERENTES;6042;1;196304;173662;30/06/2025;11/07/2025;67;6873;5550;KO 20 D;3,00;1546,69;6,00;4941,67
DIFERENTES;6042;1;173662;173662;30/06/2025;11/07/2025;43;6873;3684;1639;20,00;9,01;3,00;186,06
DIFERENTES;6042;2;196304;173662;30/06/2025;11/07/2025;67;6873;5554;KO 15 D;4,00;898,00;0,00;3592,00
DIFERENTES;6042;2;196304;173662;30/06/2025;11/07/2025;67;6873;3828;TQC 200;2,00;935,45;3,00;1931,70
DIFERENTES;6042;2;173662;173662;30/06/2025;11/07/2025;43;6873;5264;1413;20,00;9,93;3,00;205,05
DIFERENTES;6042;3;196304;173662;30/06/2025;11/07/2025;67;6873;5550;KO 20 D;4,00;1159,00;0,00;4636,00
DIFERENTES;6042;3;196304;173662;30/06/2025;11/07/2025;67;6873;3608;TP 40;3,00;353,16;3,00;1093,91
DIFERENTES;6042;3;173662;173662;30/06/2025;11/07/2025;43;6873;3637;819;20,00;11,43;3,00;236,03
DIFERENTES;6042;4;196304;173662;30/06/2025;11/07/2025;67;6873;5551;KO 20 D;4,00;1159,00;0,00;4636,00
DIFERENTES;6042;4;196304;173662;30/06/2025;11/07/2025;67;6873;5323;TP 40 ther;3,00;476,64;3,00;1476,39
DIFERENTES;6042;4;173662;173662;30/06/2025;11/07/2025;43;6873;5293;1875;20,00;11,43;3,00;236,03
DIFERENTES;6042;5;;173662;30/06/2025;11/07/2025;;6873;5943;KO 25 D;4,00;1649,01;0,00;6596,04
DIFERENTES;6042;5;173662;173662;30/06/2025;11/07/2025;43;6873;5300;0;5,00;131,11;0,00;655,55
DIFERENTES;6197;0;119079;095592;26/07/2023;31/07/2023;242;6407;4545;20533;5,00;341,90;0,00;1709,50
DIFERENTES;6197;0;095592;095592;26/07/2023;31/07/2023;255;6407;6327;00050708;2,00;5911,49;0,00;11822,98
DIFERENTES;7373;0;051267;316863;31/08/2026;09/09/2026;283;7147;5795;26R00057;5,00;68,01;4,00;353,65
DIFERENTES;7373;0;316863;316863;31/08/2026;09/09/2026;67;7147;5551;KO 21 D;5,00;1412,49;6,00;7521,51
DIFERENTES;8410;0;076765;065734;05/10/2023;11/10/2023;81;6466;5779;GWH 520;2,00;1379,99;10,00;3035,98
DIFERENTES;8410;0;065734;065734;05/10/2023;11/10/2023;267;6466;5514;0;5,00;19,02;0,00;95,10
DIFERENTES;8623;0;120340;235850;29/09/2024;08/10/2024;242;6704;4426;20451;30,00;45,92;0,00;1377,60
DIFERENTES;8623;0;235850;235850;29/09/2024;08/10/2024;67;6704;6416;0601930689;10,00;46,04;0,00;460,40
DIFERENTES;9408;0;;106347;16/10/2025;22/10/2025;65;6950;396;AQ - 02;20,00;0,87;0,00;17,40
DIFERENTES;9408;0;106347;106347;16/10/2025;22/10/2025;296;6950;6323;1543;30,00;16,13;6,00;515,35
DIFERENTES;9408;1;;106347;16/10/2025;22/10/2025;65;6950;403;AQ - 06;20,00;1,87;0,00;37,40
DIFERENTES;9408;1;106347;106347;16/10/2025;22/10/2025;296;6950;6332;1464;3,00;34,61;3,00;107,20
DIFERENTES;9408;2;;106347;16/10/2025;22/10/2025;65;6950;480;AQ - 06;6,00;4,27;0,00;25,62
DIFERENTES;9408;2;106347;106347;16/10/2025;22/10/2025;296;6950;6227;892;2,00;113,06;3,00;233,47
DIFERENTES;9408;3;;106347;16/10/2025;22/10/2025;65;6950;488;AQ - 10;10,00;4,68;0,00;46,80
DIFERENTES;9408;3;106347;106347;16/10/2025;22/10/2025;296;6950;6226;891;3,00;89,99;3,00;278,74
DIFERENTES;9408;4;;106347;16/10/2025;22/10/2025;73;6950;837;10459;2,00;36,42;0,00;72,84
DIFERENTES;9408;4;106347;106347;16/10/2025;22/10/2025;296;6950;6169;30067;50,00;21,64;0,00;1082,00
DIFERENTES;9606;0;052019;65553;23/10/2025;29/10/2025;279;6956;5724;0;3,00;1659,24;5,00;5226,61
DIFERENTES;9606;0;360970;65553;23/10/2025;29/10/2025;241;6956;4832;A 24017;1,00;426,85;5,00;448,19
DIFERENTES;9606;0;65553;65553;23/10/2025;29/10/2025;221;6956;5805;002028;5,00;121,12;6,00;644,96
DIFERENTES;10384;0;322380;067866;17/11/2025;25/11/2025;82;6970;4978;REU 182 BR;1,00;859,86;10,00;945,85
DIFERENTES;10384;0;067866;067866;17/11/2025;25/11/2025;279;6970;5724;0;3,00;3138,01;3,00;9719,99
DIFERENTES;10384;1;322380;067866;17/11/2025;25/11/2025;82;6970;6017;E 33 Prata;1,00;2272,98;10,00;2500,28
DIFERENTES;10384;1;067866;067866;17/11/2025;25/11/2025;279;6970;5725;0;1,00;3527,36;3,00;3642,00
DIFERENTES;334;0;332248;174051;08/01/2026;12/01/2026;241;7002;3821;Rg157FE004;2,00;100,30;5,00;210,63
DIFERENTES;334;0;174051;174051;08/01/2026;12/01/2026;242;7002;6419;32424;2,00;64,13;3,00;132,43
DIFERENTES;334;1;332248;174051;08/01/2026;12/01/2026;241;7002;6029;A27014;1,00;334,01;5,00;350,71
DIFERENTES;334;1;174051;174051;08/01/2026;12/01/2026;242;7002;4956;21893;5,00;44,74;3,00;230,97
DIFERENTES;765;0;104669;106844;20/01/2025;23/01/2025;67;6765;5951;0;1,00;1629,00;0,00;1629,00
DIFERENTES;765;0;106844;106844;20/01/2025;23/01/2025;255;6765;6408;00020011;2,00;11579,58;0,00;23159,16
DIFERENTES;977;0;123725;290866;29/01/2026;04/02/2026;242;7011;5970;22406;1,00;234,80;0,00;234,80
DIFERENTES;977;0;290866;290866;29/01/2026;04/02/2026;67;7011;5554;KO 16 D;2,00;1332,54;6,00;2838,31
DIFERENTES;1227;0;117055;143268;31/01/2025;06/02/2025;43;6777;3684;1639;20,00;7,89;5,00;165,69
DIFERENTES;1227;0;143268;143268;31/01/2025;06/02/2025;282;6777;6071;aço 304;1,00;2719,23;0,00;2719,23
DIFERENTES;1339;0;;143847;29/07/2022;08/08/2022;115;6177;5865;1977 CCT;3,00;197,00;0,00;591,00
DIFERENTES;1339;0;143847;143847;29/07/2022;08/08/2022;242;6177;4545;20533;5,00;239,33;0,00;1196,65
DIFERENTES;2295;0;;142946;10/03/2025;19/03/2025;77;6754;36;607;25,00;3,90;0,00;97,50
DIFERENTES;2295;0;142946;142946;10/03/2025;19/03/2025;16;6754;6367;0;20,00;27,24;0,00;544,80
DIFERENTES;2295;1;;142946;10/03/2025;19/03/2025;77;6754;639;cobre;2,00;56,30;0,00;112,60
DIFERENTES;2295;1;142946;142946;10/03/2025;19/03/2025;16;6754;5781;0;20,00;25,97;0,00;519,40
DIFERENTES;2295;2;;142946;10/03/2025;19/03/2025;77;6754;2203;607;15,00;1,75;0,00;26,25
DIFERENTES;2295;2;142946;142946;10/03/2025;19/03/2025;16;6754;6357;0;5,00;48,44;0,00;242,20
DIFERENTES;2295;3;;142946;10/03/2025;19/03/2025;77;6754;2295;611;6,00;7,20;0,00;43,20
DIFERENTES;2295;3;142946;142946;10/03/2025;19/03/2025;16;6754;6093;0;5,00;43,06;0,00;215,30
DIFERENTES;2417;0;31641;31641;22/03/2024;22/03/2024;65;6575;390;AQ - 10;12,00;3,14;0,00;37,68
DIFERENTES;2417;0;31641;31641;22/03/2024;22/03/2024;65;6575;391;AQ - 07;80,00;1,41;0,00;112,80
DIFERENTES;2417;1;31641;31641;22/03/2024;22/03/2024;65;6575;396;AQ - 02;20,00;1,17;0,00;23,40
DIFERENTES;2417;1;31641;31641;22/03/2024;22/03/2024;65;6575;482;AQ - 08;40,00;8,08;0,00;323,20
DIFERENTES;2417;2;31641;31641;22/03/2024;22/03/2024;65;6575;403;AQ - 06;35,00;2,50;0,00;87,50
DIFERENTES;2417;2;31641;31641;22/03/2024;22/03/2024;65;6575;390;AQ - 10;40,00;3,04;0,00;121,60
DIFERENTES;2981;0;062482;182095;13/04/2026;22/04/2026;67;7054;5588;KO 20 Di;1,00;1270,00;0,00;1270,00
DIFERENTES;2981;0;182095;182095;13/04/2026;22/04/2026;43;7054;4707;2182;20,00;12,59;3,00;259,98
DIFERENTES;4331;0;343888;330589;23/05/2026;08/06/2026;82;7063;5422;REU2802FEC;1,00;2543,12;10,00;2797,43
DIFERENTES;4331;0;330589;330589;23/05/2026;08/06/2026;65;7063;5455;0;20,00;1,67;0,00;33,40
DIFERENTES;4331;1;343888;330589;23/05/2026;08/06/2026;82;7063;5496;REU 2802 FEC;4,00;2543,12;10,00;11189,73
DIFERENTES;4331;1;330589;330589;23/05/2026;08/06/2026;65;7063;2404;2285.2043;10,00;24,03;0,00;240,30
DIFERENTES;4494;0;221971;221971;24/05/2024;03/06/2024;67;6631;5553;KO 15 D;3,00;999,00;0,00;2997,00
DIFERENTES;4494;0;221971;221971;24/05/2024;03/06/2024;67;6631;5987;KO 38 D;1,00;3412,36;6,00;3634,16
DIFERENTES;4494;1;221971;221971;24/05/2024;03/06/2024;67;6631;5550;KO 20 D;2,00;1269,00;0,00;2538,00
DIFERENTES;4494;1;221971;221971;24/05/2024;03/06/2024;67;6631;5589;KO 16 DI;1,00;1310,82;6,00;1396,02
DIFERENTES;5158;0;126213;307629;24/06/2026;02/07/2026;242;7106;5115;21903;16,00;260,96;0,00;4175,36
DIFERENTES;5158;0;307629;307629;24/06/2026;02/07/2026;67;7106;6008;KO 38 Di;2,00;3409,56;6,00;7262,36
DIFERENTES;6470;0;054944;528228;30/07/2024;01/08/2024;279;6674;5724;0;1,00;2072,29;5,00;2175,90
DIFERENTES;6470;0;528228;528228;30/07/2024;01/08/2024;82;6674;5838;E211FEH;1,00;1765,13;6,00;1879,86
DIFERENTES;6470;1;054944;528228;30/07/2024;01/08/2024;279;6674;5725;0;2,00;2329,20;5,00;4891,32
DIFERENTES;6470;1;528228;528228;30/07/2024;01/08/2024;82;6674;5824;E211FEH;1,00;1765,13;6,00;1879,86
DIFERENTES;5619;1;126542;224089;14/12/2022;20/12/2022;242;6285;4545;20533;5,00;341,90;0,00;1709,50
DIFERENTES;5619;1;224089;224089;14/12/2022;20/12/2022;275;6285;5900;00206060;5,00;31,18;0,00;155,90
DIFERENTES;5796;0;;114980;15/07/2026;20/07/2026;;7110;6045;KO26DHome;4,00;1698,01;0,00;6792,04
DIFERENTES;5796;0;114980;114980;15/07/2026;20/07/2026;296;7110;6363;30130;30,00;22,21;6,00;709,61
DIFERENTES;5798;0;126540;085701;27/06/2025;04/07/2025;242;6868;5645;22108;6,00;64,27;0,00;385,62
DIFERENTES;5798;0;085701;085701;27/06/2025;04/07/2025;267;6868;6140;16179;5,00;18,32;3,00;94,58
DIFERENTES;7634;0;168088;3721;28/08/2024;05/09/2024;275;6681;6001;FLT1230M;10,00;34,42;0,00;344,20
DIFERENTES;7634;0;3721;3721;28/08/2024;05/09/2024;16;6681;6407;01204806;5,00;292,32;6,00;1556,60
DIFERENTES;8550;2;278919;275851;18/09/2025;25/09/2025;82;6931;5765;REU M150CFHB;2,00;741,03;10,00;1630,27
DIFERENTES;8550;2;275851;275851;18/09/2025;25/09/2025;67;6931;6217;KO 45 Di;2,00;4753,98;6,00;10125,98
DIFERENTES;8550;3;278919;275851;18/09/2025;25/09/2025;82;6931;5496;REU 2802 FEC;1,00;2736,21;10,00;3009,83
DIFERENTES;8550;3;275851;275851;18/09/2025;25/09/2025;67;6931;6171;SP 200;1,00;1706,76;3,00;1762,23
DIFERENTES;8550;4;278919;275851;18/09/2025;25/09/2025;82;6931;4858;REU 200 BR;2,00;988,26;10,00;2174,17
DIFERENTES;8550;4;275851;275851;18/09/2025;25/09/2025;67;6931;6384;0;1,00;1801,80;3,00;1860,36
DIFERENTES;8556;0;;176014;18/09/2025;25/09/2025;65;6929;404;AQ - 01;50,00;24,56;0,00;1228,00
DIFERENTES;8556;0;176014;176014;18/09/2025;25/09/2025;43;6929;5290;1424;20,00;11,45;3,00;236,44
DIFERENTES;9443;0;075959;172377;17/10/2025;23/10/2025;255;6924;6068;0710-0022;10,00;78,20;5,00;821,10
DIFERENTES;9443;0;172377;172377;17/10/2025;23/10/2025;242;6924;6471;22113;10,00;4,83;3,00;49,87
DIFERENTES;9443;1;075959;172377;17/10/2025;23/10/2025;255;6924;5964;070062;1,00;286,51;5,00;300,84
DIFERENTES;9443;1;172377;172377;17/10/2025;23/10/2025;242;6924;5225;30143;2,00;17,13;3,00;35,37
DIFERENTES;9606;1;360970;65553;23/10/2025;29/10/2025;241;6956;6070;A25017;1,00;472,19;5,00;495,80
DIFERENTES;9606;1;65553;65553;23/10/2025;29/10/2025;221;6956;2479;02012;2,00;86,34;10,00;189,52
DIFERENTES;10021;0;028984;209915;12/11/2025;12/11/2025;67;36;5553;KO 15 D;5,00;1029,00;0,00;5145,00
DIFERENTES;10021;0;;209915;12/11/2025;12/11/2025;97;36;4830;003.986;20,00;23,00;0,00;460,00
DIFERENTES;10484;0;243048;243048;29/11/2024;04/12/2024;67;6749;5323;TP 40 ther;20,00;460,00;0,00;9200,00
DIFERENTES;10484;0;243048;243048;29/11/2024;04/12/2024;67;6749;6361;0;10,00;28,28;0,00;282,80
DIFERENTES;10600;0;076453;208893;13/12/2023;20/12/2023;255;6519;6073;SFL 20;1,00;1116,99;5,00;1172,84
DIFERENTES;10600;0;208893;208893;13/12/2023;20/12/2023;67;6519;6079;KO26Prime;3,00;2261,11;6,00;7224,25
DIFERENTES;3945;6;144489;259200;07/05/2025;13/05/2025;43;6837;2897;1640;30,00;164,83;0,00;4944,90
DIFERENTES;3945;6;259200;259200;07/05/2025;13/05/2025;67;6837;5588;KO 21 Di;2,00;1816,08;6,00;3868,25
DIFERENTES;3945;7;144489;259200;07/05/2025;13/05/2025;43;6837;3543;0;20,00;23,94;10,00;525,48
DIFERENTES;3945;7;259200;259200;07/05/2025;13/05/2025;67;6837;3608;TP 40;3,00;411,77;3,00;1275,46
DIFERENTES;3945;8;144489;259200;07/05/2025;13/05/2025;43;6837;3681;1048;5,00;38,86;0,00;194,30
DIFERENTES;3945;8;259200;259200;07/05/2025;13/05/2025;67;6837;6171;SP 200;1,00;1765,89;3,00;1823,28
DIFERENTES;3945;9;144489;259200;07/05/2025;13/05/2025;43;6837;3531;1050;3,00;49,37;0,00;148,11
DIFERENTES;3945;9;259200;259200;07/05/2025;13/05/2025;67;6837;6172;SP 400;1,00;1873,44;3,00;1934,33
DIFERENTES;188;0;;165684;26/12/2024;06/01/2025;115;6768;2968;4509;6,00;37,00;0,00;222,00
DIFERENTES;188;0;165684;165684;26/12/2024;06/01/2025;242;6768;6429;22425;2,00;416,51;3,00;860,09
DIFERENTES;188;1;;165684;26/12/2024;06/01/2025;115;6768;2966;4416;4,00;42,00;0,00;168,00
DIFERENTES;188;1;165684;165684;26/12/2024;06/01/2025;242;6768;6430;22691;1,00;201,44;10,00;221,58
DIFERENTES;521;0;;211353;19/01/2026;19/01/2026;65;2;471;AQ - 05;15,00;6,42;0,00;96,30
DIFERENTES;521;0;;211353;19/01/2026;19/01/2026;77;2;2251;733;2,00;64,00;0,00;128,00
DIFERENTES;521;1;;211353;19/01/2026;19/01/2026;115;2;2968;4509;5,00;40,00;0,00;200,00
DIFERENTES;521;1;;211353;19/01/2026;19/01/2026;77;2;2665;604;2,00;19,00;0,00;38,00
DIFERENTES;863;0;167963;248314;19/01/2025;27/01/2025;67;6781;5553;KO 15 D;3,00;1319,00;0,00;3957,00
DIFERENTES;863;0;167963;248314;19/01/2025;27/01/2025;67;6781;6079;KO26Prime;1,00;2261,11;6,00;2408,08
DIFERENTES;863;1;167963;248314;19/01/2025;27/01/2025;67;6781;6148;KO EX40;2,00;4205,00;0,00;8410,00
DIFERENTES;863;1;167963;248314;19/01/2025;27/01/2025;67;6781;6089;KO 33 D;1,00;3069,01;6,00;3268,50
DIFERENTES;863;2;167963;248314;19/01/2025;27/01/2025;67;6781;5987;KO 35 D;1,00;3725,00;0,00;3725,00
DIFERENTES;863;2;167963;248314;19/01/2025;27/01/2025;67;6781;5987;KO 38 D;2,00;3412,36;6,00;7268,33
DIFERENTES;863;3;167963;248314;19/01/2025;27/01/2025;67;6781;6008;KO 35 Di;1,00;3828,00;0,00;3828,00
DIFERENTES;863;3;167963;248314;19/01/2025;27/01/2025;67;6781;5551;KO 21 D;5,00;1564,29;6,00;8329,84
DIFERENTES;3276;0;;066443;09/04/2025;22/04/2025;77;6826;639;cobre;1,00;154,61;0,00;154,61
DIFERENTES;3276;0;066443;066443;09/04/2025;22/04/2025;279;6826;5724;0;3,00;3138,01;3,00;9719,99
DIFERENTES;3276;1;;066443;09/04/2025;22/04/2025;77;6826;2299;0;1,00;10,34;0,00;10,34
DIFERENTES;3276;1;066443;066443;09/04/2025;22/04/2025;279;6826;5725;0;1,00;3527,36;3,00;3642,00
DIFERENTES;3945;2;144489;259200;07/05/2025;13/05/2025;43;6837;3684;1639;30,00;7,98;3,00;247,18
DIFERENTES;3945;2;259200;259200;07/05/2025;13/05/2025;67;6837;5990;KO 38 D;1,00;3734,60;6,00;3977,35
DIFERENTES;3945;3;144489;259200;07/05/2025;13/05/2025;43;6837;5271;1667;10,00;9,49;3,00;97,98
DIFERENTES;3945;3;259200;259200;07/05/2025;13/05/2025;67;6837;5554;KO 16 D;2,00;1378,71;6,00;2936,65
DIFERENTES;3945;4;144489;259200;07/05/2025;13/05/2025;43;6837;5263;1412;5,00;11,13;3,00;57,46
DIFERENTES;3945;4;259200;259200;07/05/2025;13/05/2025;67;6837;5550;KO 21 D;3,00;1714,68;6,00;5478,40
DIFERENTES;3945;5;144489;259200;07/05/2025;13/05/2025;43;6837;5300;0;5,00;108,86;0,00;544,30
DIFERENTES;3945;5;259200;259200;07/05/2025;13/05/2025;67;6837;5551;KO 21 D;5,00;1714,68;6,00;9130,67
DIFERENTES;4849;0;222654;223280;06/06/2024;13/06/2024;275;6634;6302;17006;3,00;26,99;0,00;80,97
DIFERENTES;4849;0;480294;223280;06/06/2024;13/06/2024;82;6634;6023;E 271;3,00;2319,80;6,00;7411,76
DIFERENTES;4849;0;223280;223280;06/06/2024;13/06/2024;67;6634;5952;KO 26 Di;1,00;2320,70;6,00;2471,55
DIFERENTES;5297;0;145557;064952;17/06/2024;26/06/2024;43;6637;3637;819;30,00;10,49;3,00;324,93
DIFERENTES;5297;0;064952;064952;17/06/2024;26/06/2024;283;6637;5795;26R00057;15,00;161,39;3,00;2499,53
DIFERENTES;5297;1;145557;064952;17/06/2024;26/06/2024;43;6637;5293;1875;20,00;10,49;3,00;216,62
DIFERENTES;5297;1;064952;064952;17/06/2024;26/06/2024;283;6637;5852;26/R141;3,00;86,86;3,00;269,05
DIFERENTES;5566;0;243811;483569;12/07/2023;13/07/2023;97;6425;1856;002503;100,00;4,24;3,00;437,78
DIFERENTES;5566;0;483569;483569;12/07/2023;13/07/2023;241;6425;6329;RD6032SP;1,00;131,65;3,00;135,93
DIFERENTES;5566;1;243811;483569;12/07/2023;13/07/2023;97;6425;1857;003195;30,00;10,52;3,00;325,86
DIFERENTES;5566;1;483569;483569;12/07/2023;13/07/2023;241;6425;5986;A240102;1,00;203,15;3,00;209,75
DIFERENTES;982;0;182127;157985;25/01/2024;01/02/2024;67;6534;5554;KO 15 D;3,00;1237,00;0,00;3711,00
DIFERENTES;982;0;157985;157985;25/01/2024;01/02/2024;43;6534;3684;1639;20,00;9,17;3,00;189,36
DIFERENTES;982;1;182127;157985;25/01/2024;01/02/2024;67;6534;5551;KO 20 D;5,00;1546,00;0,00;7730,00
DIFERENTES;982;1;157985;157985;25/01/2024;01/02/2024;43;6534;5264;1413;20,00;10,11;3,00;208,77
DIFERENTES;982;2;182127;157985;25/01/2024;01/02/2024;67;6534;6079;KO26Prime;2,00;2235,01;0,00;4470,02
DIFERENTES;982;2;157985;157985;25/01/2024;01/02/2024;43;6534;3636;157;10,00;24,76;3,00;255,65
DIFERENTES;982;3;182127;157985;25/01/2024;01/02/2024;67;6534;6080;KO 33Prime;2,00;3033,01;0,00;6066,02
DIFERENTES;982;3;157985;157985;25/01/2024;01/02/2024;43;6534;5300;0;3,00;125,04;0,00;375,12
DIFERENTES;982;4;182127;157985;25/01/2024;01/02/2024;67;6534;3608;TP 40;5,00;345,00;0,00;1725,00
DIFERENTES;982;4;157985;157985;25/01/2024;01/02/2024;43;6534;3213;1663;3,00;160,53;0,00;481,59
DIFERENTES;982;5;182127;157985;25/01/2024;01/02/2024;67;6534;5323;TP 40 ther;5,00;436,00;0,00;2180,00
DIFERENTES;982;5;157985;157985;25/01/2024;01/02/2024;43;6534;3681;1048;5,00;44,63;0,00;223,15
DIFERENTES;2040;0;185568;2137663;05/03/2024;11/03/2024;67;6556;5588;KO 20 Di;2,00;1626,57;6,00;3464,59
DIFERENTES;2040;0;2137663;2137663;05/03/2024;11/03/2024;238;6556;4286;95800003;2,00;2027,36;0,00;4054,72
DIFERENTES;3302;0;189038;032285;19/04/2024;23/04/2024;67;6601;6322;0;1,00;3830,00;0,00;3830,00
DIFERENTES;3302;0;032285;032285;19/04/2024;23/04/2024;65;6601;389;AQ - 13;40,00;10,18;0,00;407,20
DIFERENTES;3861;0;8454;120693;29/04/2024;13/05/2024;263;6596;5670;0;20,00;35,84;3,00;740,10
DIFERENTES;3861;0;120693;120693;29/04/2024;13/05/2024;262;6596;5184;0;20,00;22,72;3,00;469,17
DIFERENTES;3861;1;8454;120693;29/04/2024;13/05/2024;263;6596;5668;0;50,00;31,39;3,00;1620,51
DIFERENTES;3861;1;120693;120693;29/04/2024;13/05/2024;262;6596;5186;0;30,00;31,67;3,00;980,98
DIFERENTES;3861;2;8454;120693;29/04/2024;13/05/2024;263;6596;5720;7005;10,00;41,62;3,00;429,73
DIFERENTES;3861;2;120693;120693;29/04/2024;13/05/2024;262;6596;5185;0;20,00;25,18;3,00;519,97
DIFERENTES;3861;3;8454;120693;29/04/2024;13/05/2024;263;6596;5671;0;20,00;39,61;3,00;817,95
DIFERENTES;3861;3;120693;120693;29/04/2024;13/05/2024;262;6596;5217;0;20,00;35,25;3,00;727,91
DIFERENTES;3861;4;8454;120693;29/04/2024;13/05/2024;263;6596;5669;0;30,00;34,61;3,00;1072,04
DIFERENTES;3861;4;120693;120693;29/04/2024;13/05/2024;262;6596;6380;0;30,00;37,29;3,00;1155,06
DIFERENTES;3861;5;8454;120693;29/04/2024;13/05/2024;263;6596;5721;7006;10,00;44,60;3,00;460,50
DIFERENTES;3861;5;120693;120693;29/04/2024;13/05/2024;262;6596;6311;0;20,00;41,10;3,00;848,72
DIFERENTES;3861;6;8454;120693;29/04/2024;13/05/2024;263;6596;6176;70236;5,00;82,34;0,00;411,70
DIFERENTES;3861;6;120693;120693;29/04/2024;13/05/2024;262;6596;6381;0;30,00;40,68;3,00;1260,06
DIFERENTES;3861;7;8454;120693;29/04/2024;13/05/2024;263;6596;5718;7007;10,00;47,31;3,00;488,48
DIFERENTES;3861;7;120693;120693;29/04/2024;13/05/2024;262;6596;6348;0;30,00;9,64;3,00;298,60
DIFERENTES;4849;1;480294;223280;06/06/2024;13/06/2024;82;6634;5496;REU 2802 FEC;1,00;3588,35;6,00;3821,59
DIFERENTES;4849;1;223280;223280;06/06/2024;13/06/2024;67;6634;5987;KO 38 D;2,00;3412,36;6,00;7268,33
DIFERENTES;6036;0;133408;139550;23/07/2026;28/07/2026;282;7111;6267;0;1,00;2883,49;0,00;2883,49
DIFERENTES;6036;0;139550;139550;23/07/2026;28/07/2026;262;7111;5184;0;20,00;31,43;3,00;649,03
DIFERENTES;7664;0;491290;318468;14/09/2026;21/09/2026;82;7154;5824;E211FEH;1,00;1774,90;6,00;1890,27
DIFERENTES;7664;0;318468;318468;14/09/2026;21/09/2026;67;7154;6340;KO 16 Di;2,00;1344,25;6,00;2863,25
DIFERENTES;7664;1;491290;318468;14/09/2026;21/09/2026;82;7154;6047;E331FEH;1,00;3006,23;6,00;3201,64
DIFERENTES;7664;1;318468;318468;14/09/2026;21/09/2026;67;7154;5554;KO 16 D;3,00;1299,89;6,00;4153,15
DIFERENTES;8627;1;028186;236473;02/10/2024;08/10/2024;65;6710;3832;0;10,00;7,20;0,00;72,00
DIFERENTES;8627;1;236473;236473;02/10/2024;08/10/2024;67;6710;5990;KO 38 D;1,00;3407,00;6,00;3628,46
DIFERENTES;8627;2;028186;236473;02/10/2024;08/10/2024;65;6710;5510;0;10,00;20,71;0,00;207,10
DIFERENTES;8627;2;236473;236473;02/10/2024;08/10/2024;67;6710;5554;KO 16 D;2,00;1251,23;6,00;2665,12
DIFERENTES;8627;3;028186;236473;02/10/2024;08/10/2024;65;6710;471;AQ - 05;20,00;3,62;0,00;72,40
DIFERENTES;8627;3;236473;236473;02/10/2024;08/10/2024;67;6710;5550;KO 21 D;3,00;1564,29;6,00;4997,91
DIFERENTES;8664;0;066005;171858;24/09/2025;29/09/2025;267;6935;5515;0;3,00;37,47;0,00;112,41
DIFERENTES;8664;0;171858;171858;24/09/2025;29/09/2025;242;6935;5961;22296;2,00;216,57;3,00;447,22
DIFERENTES;8744;0;9105;538059;08/10/2024;11/10/2024;263;6713;5670;7009;20,00;35,84;3,00;740,10
DIFERENTES;8744;0;538059;538059;08/10/2024;11/10/2024;82;6713;5824;E211FEH;1,00;1828,92;6,00;1947,80
DIFERENTES;8744;1;9105;538059;08/10/2024;11/10/2024;263;6713;5668;7003;20,00;31,39;3,00;648,20
DIFERENTES;8744;1;538059;538059;08/10/2024;11/10/2024;82;6713;6021;E271FEH;2,00;2451,11;6,00;5220,86
DIFERENTES;8972;0;496490;088982;01/10/2025;08/10/2025;82;6940;5422;2802FEC;2,00;3588,35;6,00;7643,19
DIFERENTES;8972;0;088982;088982;01/10/2025;08/10/2025;267;6940;5514;1144;5,00;20,91;0,00;104,55
DIFERENTES;8972;1;496490;088982;01/10/2025;08/10/2025;82;6940;5838;E211FEH;1,00;1774,90;6,00;1890,27
DIFERENTES;8972;1;088982;088982;01/10/2025;08/10/2025;267;6940;5517;1113;10,00;52,92;0,00;529,20
DIFERENTES;10483;0;117636;243082;29/11/2024;04/12/2024;262;6749;5184;0;50,00;26,14;3,00;1349,48
DIFERENTES;10483;0;243082;243082;29/11/2024;04/12/2024;67;6749;6079;KO26Prime;6,00;2261,11;6,00;14448,49
DIFERENTES;10483;1;117636;243082;29/11/2024;04/12/2024;262;6749;5185;0;30,00;28,95;3,00;896,73
DIFERENTES;10483;1;243082;243082;29/11/2024;04/12/2024;67;6749;5987;KO 38 D;1,00;3412,36;6,00;3634,16
DIFERENTES;10483;2;117636;243082;29/11/2024;04/12/2024;262;6749;5186;0;30,00;36,42;3,00;1128,11
DIFERENTES;10483;2;243082;243082;29/11/2024;04/12/2024;67;6749;5553;KO 16 D;2,00;1251,23;6,00;2665,12
DIFERENTES;10483;3;117636;243082;29/11/2024;04/12/2024;262;6749;5217;0;20,00;40,54;3,00;837,15
DIFERENTES;10483;3;243082;243082;29/11/2024;04/12/2024;67;6749;5554;KO 16 D;5,00;1251,69;6,00;6665,25
DIFERENTES;10483;4;117636;243082;29/11/2024;04/12/2024;262;6749;6310;0;30,00;42,83;3,00;1326,66
DIFERENTES;10483;4;243082;243082;29/11/2024;04/12/2024;67;6749;5550;KO 21 D;2,00;1564,29;6,00;3331,94
DIFERENTES;10483;5;117636;243082;29/11/2024;04/12/2024;262;6749;6311;0;20,00;47,27;3,00;976,13
DIFERENTES;10483;5;243082;243082;29/11/2024;04/12/2024;67;6749;5551;KO 21 D;10,00;1564,29;6,00;16659,69
DIFERENTES;10483;6;117636;243082;29/11/2024;04/12/2024;262;6749;6348;0;30,00;9,63;3,00;298,29
DIFERENTES;10483;6;243082;243082;29/11/2024;04/12/2024;67;6749;6147;KO 46 D;1,00;4592,90;6,00;4891,44
DIFERENTES;1573;0;031039;552481;13/02/2025;18/02/2025;65;6800;5243;0;8,00;30,32;0,00;242,56
DIFERENTES;1573;0;552481;552481;13/02/2025;18/02/2025;82;6800;5838;E211FEH;5,00;1958,56;6,00;10429,33
DIFERENTES;1573;1;031039;552481;13/02/2025;18/02/2025;65;6800;396;AQ - 02;20,00;2,47;0,00;49,40
DIFERENTES;1573;1;552481;552481;13/02/2025;18/02/2025;82;6800;5824;E211FEH;3,00;1958,56;6,00;6257,60
DIFERENTES;2441;0;045960;094595;19/03/2026;30/03/2026;212;7043;3577;G 1.6;20,00;240,90;3,00;4974,59
DIFERENTES;2441;0;094595;094595;19/03/2026;30/03/2026;267;7043;6136;S 150;2,00;23,27;3,00;48,05
DIFERENTES;4451;0;138925;4975;21/05/2025;27/05/2025;282;6841;6319;304;2,00;3483,19;0,00;6966,38
DIFERENTES;4451;0;4975;4975;21/05/2025;27/05/2025;207;6841;5090;027841;30,00;8,84;0,00;265,20
DIFERENTES;5586;0;;682950;03/07/2026;14/07/2026;212;7101;3577;G 1.6;1,00;380,00;0,00;380,00
DIFERENTES;5586;0;682950;682950;03/07/2026;14/07/2026;16;7101;6093;0;10,00;49,07;0,00;490,70
DIFERENTES;9839;0;240573;584519;31/10/2025;05/11/2025;67;6960;5554;KO 16 D;3,00;1251,23;6,00;3997,68
DIFERENTES;9839;0;584519;584519;31/10/2025;05/11/2025;241;6960;6484;A40209;1,00;353,56;3,00;365,05
DIFERENTES;9839;1;240573;584519;31/10/2025;05/11/2025;67;6960;5551;KO 21 D;5,00;1564,29;6,00;8329,84
DIFERENTES;9839;1;584519;584519;31/10/2025;05/11/2025;241;6960;6486;A94025;1,00;242,19;3,00;250,06
DIFERENTES;9839;2;240573;584519;31/10/2025;05/11/2025;67;6960;5588;KO 21 Di;2,00;1645,09;6,00;3504,04
DIFERENTES;9839;2;584519;584519;31/10/2025;05/11/2025;241;6960;6485;M8HBE;3,00;126,71;10,00;417,19
DIFERENTES;9839;3;240573;584519;31/10/2025;05/11/2025;67;6960;6147;KO 45 D;2,00;4592,90;6,00;9782,88
DIFERENTES;9839;3;584519;584519;31/10/2025;05/11/2025;241;6960;6438;A25040;1,00;128,28;3,00;132,45
DIFERENTES;10917;0;126543;589053;05/12/2025;10/12/2025;262;6987;5184;0;30,00;22,72;3,00;703,75
DIFERENTES;10917;0;589053;589053;05/12/2025;10/12/2025;82;6987;6493;ROU0040;1,00;246,30;3,00;254,30
DIFERENTES;11002;1;244403;285863;05/12/2025;15/12/2025;67;6984;5987;KO 38 D;2,00;3412,36;6,00;7268,33
DIFERENTES;11002;1;244403;285863;05/12/2025;15/12/2025;67;6984;5551;KO 21 D;5,00;1658,25;6,00;8830,18
DIFERENTES;11002;2;244403;285863;05/12/2025;15/12/2025;67;6984;5144;TP 80;2,00;561,19;3,00;1158,86
DIFERENTES;11002;2;244403;285863;05/12/2025;15/12/2025;67;6984;5588;KO 21 Di;2,00;1755,27;6,00;3738,73
DIFERENTES;11262;2;245598;178740;15/12/2025;22/12/2025;67;6990;5551;KO 21 D;5,00;1645,09;6,00;8760,10
DIFERENTES;11262;2;178740;178740;15/12/2025;22/12/2025;43;6990;5264;1413;20,00;10,41;3,00;214,97
DIFERENTES;1110;0;550700;298936;05/02/2026;10/02/2026;82;7015;5838;E211FEH;1,00;1828,92;6,00;1947,80
DIFERENTES;1110;0;298936;298936;05/02/2026;10/02/2026;275;7015;6024;LL1517A12;60,00;18,39;0,00;1103,40
DIFERENTES;1110;1;550700;298936;05/02/2026;10/02/2026;82;7015;6023;E271FEH;1,00;2575,22;6,00;2742,61
DIFERENTES;1110;1;298936;298936;05/02/2026;10/02/2026;275;7015;6096;P28202480;20,00;5,53;3,00;114,19
DIFERENTES;1110;2;550700;298936;05/02/2026;10/02/2026;82;7015;6440;REU E351;6,00;3381,26;6,00;21606,25
DIFERENTES;1110;2;298936;298936;05/02/2026;10/02/2026;275;7015;6098;P28202484;10,00;15,44;3,00;159,42
DIFERENTES;6545;0;015978;13461;03/08/2026;12/08/2026;207;7125;5090;027841;30,00;8,94;0,00;268,20
DIFERENTES;6545;0;13461;13461;03/08/2026;12/08/2026;263;7125;6006;005104;60,00;12,41;3,00;768,80
DIFERENTES;6545;1;015978;13461;03/08/2026;12/08/2026;207;7125;4331;058029;20,00;7,17;0,00;143,40
DIFERENTES;6545;1;13461;13461;03/08/2026;12/08/2026;263;7125;6028;0;10,00;14,43;3,00;148,99